Year,Afghanistan,Brazil,China,France,Germany ,India,Japan,Spain,United Kingdom
1950,7752.117,53974.728,554419.269,41833.873,69966.252,376325.2,82802.084,28069.734,50616.019
1951,7840.151,55606.413,569909.108,42031.196,70300.011,382376.945,84316.265,28219.62,50601.926
1952,7935.996,57283.658,582576.497,42315.598,70620.275,388799.076,85659.438,28399.033,50651.273
1953,8039.684,58999.276,593365.882,42654.661,70929.839,395544.365,86869.979,28600.36,50750.98
1954,8151.316,60749.49,603052.316,43024.817,71233.393,402578.594,87980.574,28818.012,50890.911
1955,8270.992,62533.92,612241.552,43411.377,71537.454,409880.606,89018.255,29048.392,51063.907
1956,8398.873,64355.709,621363.233,43808.997,71850.645,417442.811,90004.18,29290.079,51265.885
1957,8535.157,66221.469,630677.648,44221.224,72183.453,425270.709,90953.812,29543.626,51495.703
1958,8680.097,68140.426,640295.777,44659.052,72547.581,433380.978,91877.637,29811.311,51754.668
1959,8833.947,70123.372,650212.731,45138.433,72954.885,441798.571,92782.242,30096.577,52045.664
1960,8996.967,72179.235,660408.054,45673.147,73414.229,450547.675,93673.612,30402.413,52370.595
1961,9169.406,74311.338,670952.701,46266.974,73928.077,459642.166,94560.714,30729.65,52727.763
1962,9351.442,76514.329,682102.654,46907.043,74489.45,469077.191,95458.517,31075.475,53109.4
1963,9543.2,78772.647,694339.084,47560.825,75080.749,478825.602,96389.422,31432.768,53500.721
1964,9744.772,81064.572,708254.602,48184.414,75677.305,488848.139,97379.402,31791.938,53882.751
1965,9956.318,83373.533,724218.97,48746.653,76258.034,499123.328,98447.007,32146.255,54240.855
1966,10174.84,85696.502,742414.887,49232.536,76819.57,509631.509,99596.075,32491.643,54568.868
1967,10399.936,88035.815,762581.176,49651.08,77357.251,520400.577,100822.283,32830.181,54866.529
1968,10637.064,90387.079,784074.715,50024.587,77847.179,531513.834,102124.002,33168.777,55132.603
1969,10893.772,92746.607,805985.941,50387.441,78260.756,543084.333,103496.032,33517.677,55367.95
1970,11173.654,95113.265,827601.385,50763.921,78578.381,555189.797,104929.26,33883.749,55573.455
1971,11475.45,97482.928,848759.709,51162.569,78789.931,567868.021,106427.102,34267.463,55748.534
1972,11791.222,99859.388,869485.962,51573.268,78901.826,581087.255,107976.03,34664.234,55892.412
1973,12108.963,102259.497,889485.368,51979.531,78932.455,594770.136,109528.514,35069.433,56006.29
1974,12412.96,104706.193,908464.206,52356.793,78909.808,608802.595,111022.692,35476.435,56092.059
1975,12689.164,107216.209,926240.889,52688.575,78856.031,623102.9,112413.362,35879.21,56152.325
1976,12943.093,109790.943,942685.412,52969.314,78781.74,637630.085,113679.19,36276.748,56188.348
1977,13171.294,112425.392,957891.271,53208.549,78687.323,652408.766,114827.826,36666.77,56203.598
1978,13341.199,115121.158,972205.441,53423.112,78573.588,667499.815,115879.222,37040.401,56205.91
1979,13411.06,117878.412,986132.214,53637.073,78438.171,682995.348,116867.356,37386.81,56205.087
1980,13356.5,120694.012,1000089.228,53868.006,78283.101,698952.837,117816.942,37698.2,56209.164
1981,13171.679,123570.327,1014022.211,54121.009,78107.86,715384.997,118732.838,37971.968,56220.739
1982,12882.518,126498.322,1027948.989,54391.469,77926.016,732239.498,119605.254,38209.686,56241.408
1983,12537.732,129448.815,1042431.401,54675.37,77770.21,749428.958,120427.643,38413.3,56276.791
1984,12204.306,132383.569,1058171.973,54965.167,77682.293,766833.411,121189.269,38586.704,56332.902
1985,11938.204,135274.083,1075589.363,55254.838,77691.591,784360.012,121883.483,38733.866,56413.555
1986,11736.177,138108.915,1095014.106,55545.271,77806.136,801975.25,122509.119,38855.631,56522.505
1987,11604.538,140891.606,1116095.475,55837.622,78015.742,819682.095,123072.72,38954.49,56658.26
1988,11618.008,143627.505,1137724.234,56126.337,78307.525,837468.938,123584.522,39038.686,56812.754
1989,11868.873,146328.305,1158357.393,56404.303,78660.301,855334.675,124058.517,39118.555,56974.289
1990,12412.311,149003.225,1176883.681,56666.861,79053.984,873277.799,124505.243,39202.524,57134.377
1991,13299.016,151648.007,1192897.277,56913.58,79490.831,891273.202,124929.764,39299.081,57290.792
1992,14485.543,154259.382,1206711.243,57147.213,79963.166,909307.018,125331.3,39410.852,57446.041
1993,15816.601,156849.086,1218817.059,57370.375,80428.557,927403.866,125707.407,39533.726,57602.279
1994,17075.728,159432.717,1230020.026,57587.122,80832.928,945601.828,126053.127,39660.079,57763.382
1995,18110.662,162019.889,1240920.539,57801.887,81138.653,963922.586,126365.486,39787.413,57932.45
1996,18853.444,164614.682,1251636.178,58012.055,81323.666,982365.248,126644.099,39908.962,58113.554
1997,19357.126,167209.046,1261996.017,58220.657,81399.25,1000900.028,126892.745,40035.286,58307.32
1998,19737.77,169785.253,1271982.349,58444.245,81402.671,1019483.586,127117.436,40201.561,58509.972
1999,20170.847,172318.674,1281514.833,58704.381,81389.935,1038058.154,127326.063,40454.472,58715.859
2000,20779.957,174790.339,1290550.767,59015.092,81400.883,1056575.548,127524.168,40824.745,58923.305
2001,21606.992,177196.051,1299129.747,59384.126,81453.894,1075000.094,127713.824,41319.431,59124.277
2002,22600.774,179537.523,1307352.256,59803.434,81535.124,1093317.187,127893.075,41919.593,59326.294
2003,23680.871,181809.244,1315303.522,60251.591,81614.371,1111523.146,128058.368,42596.455,59561.429
2004,24726.689,184006.479,1323084.639,60697.977,81646.474,1129623.466,128204.183,43308.345,59872.76
2005,25654.274,186127.108,1330776.38,61120.128,81602.739,1147609.924,128326.115,44019.118,60287.953
2006,26433.058,188167.353,1338408.644,61508.924,81472.235,1165486.291,128422.74,44728.561,60821.349
2007,27100.542,190130.445,1345993.891,61869.229,81277.836,1183209.471,128494.05,45429.071,61455.154
2008,27722.281,192030.362,1353569.48,62209.207,81065.751,1200669.762,128538.644,46068.811,62145.098
2009,28394.806,193886.505,1361169.41,62542.883,80899.961,1217726.217,128555.196,46583.566,62828.62
2010,29185.511,195713.637,1368810.604,62879.535,80827.001,1234281.163,128542.349,46931.011,63459.801
2011,30117.411,197514.541,1376497.633,63222.229,80855.629,1250287.939,128498.966,47084.242,64021.922
2012,31161.378,199287.292,1384206.408,63564.224,80972.629,1265780.243,128423.571,47063.059,64525.3
2013,32269.592,201035.904,1391883.335,63893.521,81174.373,1280842.119,128314.189,46930.554,64984.015
2014,33370.804,202763.744,1399453.966,64193.55,81450.37,1295600.768,128168.63,46777.927,65423.048
2015,34413.603,204471.759,1406847.868,64453.194,81787.411,1310152.392,127985.139,46671.919,65860.149
2016,35383.028,206163.056,1414049.353,64667.59,82193.77,1324517.25,127763.267,46634.131,66297.944
2017,36296.111,207833.825,1421021.794,64842.513,82658.409,1338676.779,127502.728,46647.425,66727.463
2018,37171.922,209469.32,1427647.789,64990.512,83124.413,1352642.283,127202.19,46692.863,67141.678
2019,38041.757,211049.519,1433783.692,65129.731,83517.046,1366417.756,126860.299,46736.782,67530.161
2020,38928.341,212559.409,1439323.774,65273.512,83783.945,1380004.385,126476.458,46754.783,67886.004
2021,39835.428,213993.441,1444216.102,65426.177,83900.471,1393409.033,126050.796,46745.211,68207.114
2022,40754.385,215353.588,1448471.404,65584.514,83883.587,1406631.781,125584.839,46719.147,68497.913
2023,41681.232,216641.839,1452127.674,65745.189,83774.541,1419655.8,125081.316,46679.284,68765.935
2024,42608.714,217863.036,1455254.862,65902.029,83636.17,1432456.474,124543.923,46630.673,69021.842
2025,43531.523,219020.908,1457908.248,66050.606,83515.017,1445011.62,123975.981,46577.097,69273.64
2026,44449.106,220114.734,1460092.251,66190.532,83422.529,1457308.849,123379.107,46518.645,69524.1
2027,45363.56,221142.806,1461797.638,66323.948,83346.306,1469338.564,122754.999,46453.975,69771.961
2028,46275.305,222106.891,1463052.846,66451.747,83280.854,1481083.336,122107.379,46383.836,70016.263
2029,47185.165,223009.378,1463891.336,66575.352,83213.653,1492524.276,121440.546,46309.019,70254.648
2030,48093.576,223852.116,1464340.15,66695.705,83135.643,1503642.327,120758.056,46230.147,70485.483
2031,49000.19,224636.207,1464417.502,66812.867,83048.103,1514427.16,120062.518,46147.593,70709.292
2032,49904.008,225361.772,1464130.422,66926.041,82956.47,1524862.024,119355.235,46061.484,70927.465
2033,50803.985,226028.561,1463480.846,67034.148,82860.123,1534913.994,118636.758,45971.719,71140.069
2034,51698.839,226635.918,1462465.124,67135.68,82758.239,1544544.368,117906.953,45878.033,71347.133
2035,52587.415,227183.587,1461083.03,67229.46,82650.083,1553723.81,117166.138,45780.172,71548.756
2036,53468.94,227672.152,1459341.172,67315.168,82535.461,1562439.276,116415.51,45677.99,71744.927
2037,54342.917,228102.792,1457252.173,67392.742,82414.191,1570690.44,115657.089,45571.458,71935.935
2038,55208.543,228476.582,1454828.444,67461.584,82285.596,1578478.176,114892.928,45460.499,72122.612
2039,56065.157,228794.863,1452084.266,67521.106,82148.923,1585809.325,114125.389,45345.044,72306.03
2040,56912.008,229058.886,1449031.42,67570.922,82003.619,1592691.52,113356.481,45224.89,72486.896
2041,57748.48,229269.363,1445680.248,67610.831,81849.675,1599123.528,112587.239,45099.799,72665.441
2042,58573.847,229427.254,1442035.132,67640.954,81687.215,1605109.395,111818.498,44969.297,72841.365
2043,59387.21,229534.388,1438094.712,67661.693,81516.134,1610669.933,111051.701,44832.571,73014.051
2044,60187.566,229592.903,1433854.12,67673.657,81336.364,1615832.467,110288.3,44688.616,73182.661
2045,60974.108,229604.529,1429312.245,67677.388,81148.064,1620619.203,109529.352,44536.591,73346.419
2046,61746.119,229570.367,1424476.521,67673.172,80951.49,1625039.273,108775.261,44376.201,73505.28
2047,62503.158,229490.822,1419358.625,67661.299,80747.346,1629096.126,108025.99,44207.094,73659.104
2048,63245.02,229366.085,1413967.251,67642.429,80536.968,1632799.155,107281.347,44028.28,73807.098
2049,63971.682,229195.948,1408312.31,67617.343,80322.013,1636156.868,106540.925,43838.657,73948.3
2050,64682.976,228980.4,1402405.167,67586.729,80103.973,1639176.036,105804.023,43637.408,74081.983
2051,65378.498,228719.986,1396257.711,67551.148,79883.82,1641863.424,105070.735,43424.352,74208.011
2052,66057.693,228415.333,1389884.267,67511.019,79662.246,1644222.216,104340.206,43199.707,74326.612
2053,66720.061,228066.561,1383302.617,67466.802,79440.308,1646250.536,103609.652,42963.772,74438.066
2054,67365.07,227673.68,1376532.628,67418.882,79219.021,1647943.596,102875.493,42717.001,74542.855
2055,67992.198,227236.82,1369594.143,67367.707,78999.412,1649297.977,102134.984,42459.997,74641.527
2056,68601.077,226756.447,1362501.952,67313.753,78782.171,1650314.901,101387.484,42193.143,74734.268
2057,69191.273,226233.195,1355273.264,67257.605,78568.238,1650996.767,100633.223,41917.095,74821.528
2058,69762.278,225667.564,1347933.557,67199.943,78359.099,1651342.347,99871.668,41632.976,74904.248
2059,70313.576,225060.161,1340511.099,67141.552,78156.479,1651349.931,99102.486,41342.17,74983.541
2060,70844.694,224411.614,1333030.632,67083.084,77961.681,1651018.523,98325.804,41045.963,75060.473
2061,71355.26,223722.738,1325507.532,67024.918,77775.28,1650350.924,97541.836,40745.367,75135.388
2062,71844.941,222994.375,1317954.387,66967.475,77597.403,1649348.991,96751.617,40441.302,75208.709
2063,72313.405,222227.235,1310388.652,66911.463,77428.212,1648010.013,95957.186,40134.931,75281.33
2064,72760.294,221422.133,1302827.463,66857.675,77267.685,1646330.105,95161.223,39827.444,75354.289
2065,73185.287,220579.947,1295284.575,66806.693,77115.62,1644308.538,94366.259,39520.069,75428.318
2066,73588.196,219701.812,1287771.917,66758.884,76972.163,1641949.501,93573.72,39213.82,75503.853
2067,73968.838,218789.029,1280295.274,66714.229,76836.929,1639261.372,92785.137,38909.853,75580.844
2068,74327.012,217843.091,1272853.509,66672.472,76708.689,1636253.507,92003.31,38609.694,75658.877
2069,74662.577,216865.679,1265441.087,66633.166,76585.712,1632937.511,91231.455,38314.999,75737.157
2070,74975.404,215858.439,1258054.223,66595.928,76466.617,1629325.556,90472.359,38027.233,75815.114
2071,75265.446,214823.045,1250697.624,66560.606,76351.07,1625426.468,89727.265,37747.233,75892.717
2072,75532.727,213761.109,1243376.129,66527.166,76238.927,1621251.731,88997.469,37475.8,75970.007
2073,75777.323,212674.29,1236086.056,66495.365,76129.297,1616819.911,88285.664,37214.182,76046.482
2074,75999.471,211564.312,1228821.658,66464.977,76021.242,1612152.497,87594.804,36963.724,76121.515
2075,76199.343,210433.012,1221580.153,66435.721,75914.138,1607268.682,86926.934,36725.384,76194.677
2076,76377.114,209282.011,1214363.695,66407.483,75807.622,1602182.799,86283.334,36499.594,76265.85
2077,76532.93,208113.349,1207178.72,66379.992,75701.987,1596905.843,85663.573,36286.366,76335.217
2078,76666.941,206929.848,1200032.299,66352.553,75598.217,1591449.717,85065.739,36085.645,76402.935
2079,76779.299,205734.652,1192933.527,66324.313,75497.719,1585825.265,84486.888,35897.09,76469.356
2080,76870.229,204530.517,1185891.297,66294.653,75401.661,1580043.792,83924.568,35720.274,76534.815
2081,76940.011,203319.422,1178909.492,66263.253,75310.341,1574115.574,83378.013,35554.975,76599.406
2082,76989.05,202102.878,1171994.339,66230.172,75223.863,1568053.265,82847.122,35400.597,76663.298
2083,77017.762,200882.481,1165160.146,66195.706,75142.932,1561872.802,82330.88,35255.677,76727.235
2084,77026.666,199659.675,1158423.988,66160.398,75068.326,1555591.485,81828.306,35118.333,76792.088
2085,77016.262,198435.852,1151799.204,66124.611,75000.64,1549223.739,81338.411,34986.925,76858.558
2086,76987.01,197212.404,1145288.558,66088.32,74940.136,1542781.212,80860.404,34860.675,76926.86
2087,76939.414,195990.72,1138892.698,66051.382,74886.832,1536270.161,80393.392,34738.964,76997.05
2088,76874.094,194771.95,1132619.326,66013.926,74840.742,1529692.596,79936.26,34620.601,77069.261
2089,76791.721,193557.17,1126476.394,65976.118,74801.751,1523047.401,79487.833,34504.328,77143.606
2090,76692.976,192347.34,1120466.928,65938.023,74769.673,1516335.379,79047.116,34389.123,77220.082
2091,76578.449,191143.397,1114587.314,65899.587,74744.288,1509561.139,78613.363,34274.238,77298.644
2092,76448.745,189946.18,1108827.893,65860.642,74725.315,1502732.38,78186.029,34159.184,77379.151
2093,76304.426,188756.443,1103174.437,65820.973,74712.397,1495858.466,77764.739,34043.706,77461.396
2094,76146.06,187574.889,1097609.742,65780.272,74705.079,1488948.813,77349.198,33927.63,77545.082
2095,75974.263,186402.101,1092115.201,65738.226,74702.829,1482011.297,76939.124,33810.797,77629.889
2096,75789.679,185238.551,1086671.336,65694.567,74704.995,1475051.74,76534.218,33693.081,77715.36
2097,75593.012,184084.623,1081258.072,65648.97,74710.783,1468073.583,76134.154,33574.318,77801.031
2098,75384.972,182940.584,1075854.855,65601.163,74719.33,1461077.821,75738.588,33454.329,77886.333
2099,75166.36,181806.613,1070440.551,65550.862,74729.635,1454063.085,75347.139,33332.912,77970.64
2100,74937.961,180682.762,1064993.457,65497.773,74740.596,1447025.612,74959.378,33209.856,78053.263
2020,38928.341,212559.409,1439323.774,65273.512,83783.945,1380004.385,126476.458,46754.783,67886.004
2021,39892.557,214258.545,1445710.415,65504.826,83821.22,1395012.077,126162.047,46785.301,68252.05
2022,40875.793,215971.4,1451934.123,65749.507,83877.347,1410520.27,125837.088,46816.652,68631.838
2023,41874.595,217684.086,1457935.298,66004.184,83948.202,1426368.844,125498.849,46847.846,69021.876
2024,42886.32,219385.402,1463670.687,66266.223,84030.439,1442427.202,125145.761,46878.235,69419.37
2025,43909.177,221066.923,1469113.347,66533.844,84121.469,1458594.143,124777.364,46907.481,69822.175
2026,44942.217,222723.066,1474253.559,66806.015,84219.562,1474799.361,124394.394,46935.551,70228.883
2027,45985.339,224350.99,1479097.914,67082.485,84323.715,1491001.986,123998.705,46962.765,70638.756
2028,47039.101,225950.235,1483666.805,67363.72,84433.596,1507186.363,123593.125,46989.644,71051.668
2029,48104.512,227522.045,1487990.115,67650.521,84549.362,1523355.047,123181.051,47016.908,71467.906
2030,49182.294,229067.412,1492094.407,67943.509,84671.001,1539507.632,122765.562,47045.111,71887.684
2031,50272.142,230585.121,1495989.317,68242.361,84797.725,1555618.23,122348.329,47074.333,72310.736
2032,51372.029,232069.865,1499655.549,68545.212,84927.481,1571615.82,121928.745,47103.966,72735.736
2033,52477.911,233511.489,1503039.719,68848.369,85056.591,1587375.656,121503.482,47132.535,73160.215
2034,53584.581,234897.221,1506068.954,69147.085,85180.5,1602743.378,121067.699,47158.033,73581.04
2035,54688.038,236218.022,1508693.554,69437.792,85295.787,1617605.291,120618.123,47178.945,73996.026
2036,55786.449,237470.184,1510899.249,69719.082,85400.941,1631915.64,120154.228,47194.465,74404.123
2037,56879.858,238656.28,1512710.053,69991.136,85496.057,1645688.881,119678.163,47204.64,74805.941
2038,57968.319,239781.625,1514162.921,70253.787,85581.28,1658950.705,119192.765,47209.761,75203.183
2039,59052.629,240854.789,1515312.904,70507.436,85657.408,1671754.803,118702.061,47210.457,75598.416
2040,60133.367,241882.736,1516205.332,70752.512,85725.197,1684149.786,118209.375,47207.099,75993.651
2041,61210.083,242867.408,1516857.498,70989.029,85784.974,1696142.129,117716.024,47199.518,76389.477
2042,62282.072,243809.173,1517275.004,71217.143,85836.852,1707742.986,117222.491,47187.032,76785.617
2043,63349.405,244711.861,1517479.166,71437.814,85881.31,1719016.412,116730.415,47168.81,77182.161
2044,64412.24,245579.655,1517491.236,71652.344,85918.958,1730042.652,116241.411,47143.773,77578.962
2045,65470.749,246416.241,1517331.68,71862.015,85950.72,1740888.705,115756.902,47111.082,77976.052
2046,66524.701,247224.23,1517018.968,72067.575,85977.442,1751582.091,115277.859,47070.587,78373.849
2047,67574.019,248005.663,1516571.145,72270,86000.727,1762140.455,114805.228,47022.262,78772.949
2048,68619.285,248762.915,1516007.313,72471.302,86023.274,1772607.567,114340.416,46965.433,79173.833
2049,69661.215,249498.177,1515346.371,72673.826,86048.358,1783028.596,113884.839,46899.344,79577.036
2050,70700.226,250213.368,1514605.952,72879.595,86078.885,1793436.416,113439.535,46823.601,79983.091
2051,71736.233,250909.946,1513803.475,73089.709,86116.411,1803850.081,113005.311,46738.213,80392.307
2052,72768.738,251589.266,1512953.577,73304.905,86162.267,1814269.643,112582.158,46643.755,80805.182
2053,73797.273,252252.738,1512067.421,73526.402,86218.754,1824681.917,112169.093,46541.202,81222.586
2054,74821.206,252901.67,1511154.121,73755.317,86288.322,1835061.563,111764.661,46431.901,81645.519
2055,75839.834,253536.921,1510224.095,73992.563,86372.995,1845384.411,111367.69,46317.079,82074.805
2056,76852.726,254159.155,1509288.808,74238.883,86473.856,1855645.178,110978.181,46197.408,82510.836
2057,77859.226,254768.238,1508363.015,74494.649,86591.648,1865833.652,110596.378,46073.616,82953.767
2058,78858.112,255363.13,1507464.059,74760.01,86727.468,1875912.285,110221.665,45947.055,83403.729
2059,79847.97,255942.164,1506610.845,75034.801,86882.24,1885834.375,109853.33,45819.319,83860.727
2060,80827.536,256503.887,1505819.612,75318.9,87056.498,1895561.107,109490.968,45691.769,84324.736
2061,81796.103,257048.273,1505100.659,75612.359,87250.527,1905078.852,109134.659,45565.498,84795.804
2062,82753.072,257574.946,1504461.742,75915.216,87463.9,1914378.333,108784.88,45441.271,85273.982
2063,83697.497,258081.658,1503912.75,76227.153,87695.234,1923431.827,108442.166,45319.784,85759.168
2064,84628.326,258565.491,1503462.818,76547.741,87942.602,1932209.72,108107.219,45201.572,86251.241
2065,85544.787,259024.525,1503119.077,76876.536,88204.228,1940692.213,107780.899,45087.287,86749.978
2066,86446.321,259458.481,1502890.016,77213.431,88479.498,1948872.594,107463.827,44977.703,87255.405
2067,87332.592,259868.095,1502778.998,77558.115,88767.649,1956757.998,107156.889,44873.804,87767.312
2068,88203.314,260253.851,1502781.086,77909.764,89066.395,1964362.55,106861.491,44776.631,88284.95
2069,89058.296,260616.603,1502887.224,78267.376,89373.039,1971708.753,106579.315,44687.328,88807.395
2070,89897.43,260957.499,1503091.73,78630.15,89685.45,1978819.928,106311.897,44606.902,89333.966
2071,90720.545,261277.711,1503397.848,78997.729,90002.858,1985706.311,106059.818,44535.937,89864.542
2072,91527.684,261578.923,1503812.102,79370.098,90325.03,1992385.397,105824.005,44475.067,90399.301
2073,92319.167,261863.637,1504336.425,79747.287,90651.188,1998898.744,105606.843,44425.353,90938.147
2074,93095.558,262134.934,1504973.004,80129.524,90980.653,2005297.031,105411.11,44387.931,91481.109
2075,93857.347,262395.88,1505725.852,80516.945,91313.199,2011623.207,105238.782,44363.641,92028.336
2076,94604.749,262648.446,1506599.245,80909.645,91648.553,2017900.651,105091.05,44352.817,92579.961
2077,95337.904,262895.262,1507601.279,81307.571,91987.355,2024144.469,104967.618,44355.451,93136.402
2078,96057.205,263140.76,1508744.95,81710.688,92331.437,2030378.651,104867.075,44371.517,93698.55
2079,96763.082,263390.1,1510046.121,82118.928,92683.304,2036625.883,104787.164,44400.814,94267.502
2080,97455.927,263647.662,1511518.925,82532.346,93045.073,2042905.574,104726.226,44443.015,94844.248
2081,98136.02,263916.104,1513169.103,82950.938,93417.537,2049231.205,104683.764,44498.001,95429.172
2082,98803.644,264197.216,1515003.259,83375.049,93801.226,2055614.032,104660.173,44565.259,96022.687
2083,99459.147,264493.307,1517037.174,83805.538,94197.715,2062066.486,104655.481,44643.509,96625.862
2084,100102.85,264806.37,1519288.803,84243.568,94608.762,2068599.327,104669.863,44731.141,97239.935
2085,100735.09,265138.134,1521771.354,84689.948,95035.746,2075218.883,104703.401,44826.766,97865.85
2086,101356.135,265490.083,1524486.749,85144.917,95479.306,2081931.95,104755.744,44929.72,98503.962
2087,101966.234,265863.386,1527433.108,85608.345,95939.692,2088735.431,104826.403,45039.541,99154.255
2088,102565.574,266258.925,1530613.521,86080.398,96417.257,2095612.015,104914.99,45155.316,99816.661
2089,103154.31,266677.298,1534029.901,86561.17,96912.221,2102536.645,105021.116,45276.14,100490.939
2090,103732.62,267118.816,1537679.349,87050.607,97424.584,2109488.988,105144.322,45401.217,101176.77
2091,104300.683,267583.564,1541552.885,87548.497,97954.053,2116457.724,105284.151,45529.98,101873.793
2092,104858.73,268071.349,1545635.909,88054.443,98500.139,2123438.987,105440.057,45662.072,102581.651
2093,105406.988,268581.749,1549909.188,88567.928,99062.135,2130432.899,105611.541,45797.238,103299.844
2094,105945.638,269114.061,1554350.088,89088.33,99639.096,2137439.581,105798.011,45935.352,104027.825
2095,106474.905,269667.292,1558933.603,89614.905,100229.924,2144455.444,105998.848,46076.304,104764.844
2096,106994.957,270240.166,1563632.782,90146.841,100833.328,2151471.848,106213.403,46219.985,105509.997
2097,107505.942,270831.157,1568418.913,90683.239,101447.776,2158474.441,106440.977,46366.323,106262.193
2098,108007.97,271438.407,1573261.608,91223.096,102071.624,2165442.866,106680.839,46515.228,107020.188
2099,108501.136,272059.814,1578128.748,91765.366,102703.009,2172351.013,106932.187,46666.61,107782.543
2100,108985.512,272692.965,1582986.463,92308.882,103339.879,2179167.069,107194.238,46820.42,108547.642
2020,38928.341,212559.409,1439323.774,65273.512,83783.945,1380004.385,126476.458,46754.783,67886.004
2021,39809.113,213712.682,1442537.386,65374.698,83657.231,1391643.981,125937.676,46688.666,68104.082
2022,40669.912,214718.423,1444804.388,65452.393,83502.818,1402554.722,125331.701,46602.607,68294.02
2023,41513.185,215590.137,1446207.947,65509.055,83324.55,1412794.942,124665.214,46498.931,68459.105
2024,42340.756,216339.185,1446820.388,65546.795,83125.605,1422409.349,123944.323,46379.712,68602.068
2025,43153.871,216974.889,1446703.145,65567.373,82908.568,1431429.051,123174.596,46246.703,68725.108
2026,43953.109,217504.345,1445906.429,65572.114,82675.392,1439870.761,122361.046,46101.338,68829.891
2027,44738.486,217932.58,1444469.564,65561.989,82427.362,1447737.573,121508.093,45944.736,68917.56
2028,45509.477,218262.803,1442422.355,65537.665,82165.274,1455021.149,120619.693,45777.753,68988.765
2029,46265.2,218496.892,1439787.247,65499.507,81889.466,1461705.331,119699.381,45601.05,69043.881
2030,47004.863,218636.818,1436585.898,65447.896,81600.278,1467777.016,118750.549,45415.181,69083.287
2031,47728.222,218686.191,1432846.197,65383.375,81298.439,1473237.823,117776.689,45220.829,69107.851
2032,48436.02,218651.552,1428608.289,65306.924,80985.434,1478114.233,116781.735,45018.971,69119.214
2033,49130.161,218542.979,1423927.323,65219.997,80663.644,1482461.966,115770.067,44810.888,69119.972
2034,49813.176,218372.461,1418865.965,65124.328,80335.946,1486353.607,114746.236,44598.014,69113.266
2035,50486.794,218149.143,1413472.508,65021.136,80004.375,1489842.318,113714.145,44381.392,69101.489
2036,51151.403,217878.368,1407776.488,64911.23,79670.062,1492951.02,112676.819,44161.563,69085.761
2037,51806.064,217560.611,1401783.905,64794.407,79332.632,1495670.598,111636.227,43938.452,69066.166
2038,52449.432,217193.805,1395488.296,64669.706,78990.624,1497981.863,110593.635,43711.641,69042.741
2039,53079.436,216773.302,1388870.292,64535.571,78641.686,1499850.705,109549.688,43480.322,69015.064
2040,53694.355,216295.806,1381915.254,64390.849,78284.083,1501251.159,108505.14,43243.821,68982.71
2041,54293.532,215761.666,1374630.469,64235.277,77917.579,1502179.795,107460.987,43001.873,68945.734
2042,54876.497,215173.13,1367024.922,64069.273,77542.559,1502643.434,106418.664,42754.281,68904.063
2043,55441.824,214530.863,1359086.244,63892.958,77158.43,1502637.231,105379.645,42500.371,68856.814
2044,55987.884,213835.765,1350797.194,63706.645,76764.604,1502156.799,104345.486,42239.313,68802.851
2045,56513.303,213088.381,1342146.35,63510.54,76360.725,1501197.693,103317.151,41970.345,68741.087
2046,57017.171,212289.037,1333135.654,63304.72,75946.644,1499758.676,102294.825,41693.138,68671.221
2047,57498.908,211437.326,1323773.254,63089.086,75522.584,1497835.626,101277.941,41407.205,68592.76
2048,57957.937,210532.223,1314062.444,62863.532,75089.056,1495418.259,100265.653,41111.525,68504.259
2049,58393.872,209572.346,1304008.369,62627.949,74646.821,1492494.151,99256.634,40804.864,68403.978
2050,58806.301,208556.615,1293619.069,62382.292,74196.577,1489055.409,98249.414,40486.31,68290.652
2051,59194.747,207485.121,1282903.748,62126.808,73738.937,1485102.13,97243.727,40155.605,68163.846
2052,59558.697,206358.187,1271876.756,61861.743,73274.34,1480640.104,96238.227,39812.79,68023.7
2053,59897.761,205175.32,1260559.226,61587.033,72803.182,1475675.213,95229.103,39457.738,67870.174
2054,60211.601,203935.964,1248976.547,61302.605,72325.89,1470216.115,94211.548,39090.44,67703.459
2055,60499.926,202640.018,1237153.421,61008.589,71843.061,1464272.734,93181.899,38711.091,67523.878
2056,60762.509,201287.939,1225106.759,60705.295,71355.211,1457851.528,92139.098,38319.931,67331.595
2057,60999.19,199880.762,1212855.398,60393.39,70863.393,1450963.081,91083.344,37917.537,67127.19
2058,61210.026,198419.84,1200428.975,60073.879,70369.403,1443627.437,90013.92,37504.838,66912.026
2059,61395.156,196906.857,1187860.612,59747.966,69875.438,1435868.871,88930.471,37082.991,66687.889
2060,61554.704,195343.553,1175179.597,59416.788,69383.289,1427708.728,87833.203,36653.172,66456.332
2061,61688.652,193731.301,1162404.802,59080.902,68893.725,1419161.122,86722.333,36216.301,66217.946
2062,61796.998,192071.712,1149552.247,58740.928,68407.221,1410236.633,85599.121,35773.367,65973.342
2063,61879.863,190367.256,1136644.082,58398.173,67924.792,1400949.056,84466.301,35325.706,65723.973
2064,61937.426,188620.773,1123702.351,58054.134,67447.429,1391311.633,83327.438,34874.805,65471.467
2065,61969.873,186834.906,1110745.381,57709.987,66975.854,1381337.263,82185.888,34422.136,65217.083
2066,61977.308,185011.686,1097788.121,57366.386,66510.587,1371039.165,81043.444,33968.797,64961.55
2067,61959.831,183152.899,1084839.454,57023.573,66051.574,1360429.705,79901.995,33516.066,64704.987
2068,61917.467,181260.85,1071902.771,56681.739,65598.07,1349519.738,78765.116,33065.687,64447.137
2069,61850.244,179337.821,1058977.319,56340.831,65148.903,1338319.252,77636.82,32619.553,64187.441
2070,61758.254,177385.995,1046063.098,56000.813,64703.115,1326838.611,76520.633,32179.373,63925.408
2071,61641.642,175407.543,1033167.643,55661.797,64260.636,1315089.268,75418.226,31746.131,63661.168
2072,61500.613,173404.368,1020296.924,55323.837,63821.439,1303082.937,74331.174,31320.743,63394.828
2073,61335.331,171378.113,1007447.072,54986.725,63384.599,1290830.48,73262.506,30904.627,63125.829
2074,61145.999,169330.28,994611.115,54650.182,62949.084,1278342.586,72215.444,30499.26,62853.376
2075,60932.816,167262.477,981785.407,54313.841,62514.097,1265630.032,71192.234,30105.752,62576.928
2076,60696.111,165176.466,968973.064,53977.653,62079.308,1252705.12,70194.362,29724.648,62296.379
2077,60436.177,163074.301,956181.633,53641.373,61644.934,1239579.267,69221.551,29356.063,62011.872
2078,60153.181,160958.276,943417.664,53304.144,61211.612,1226261.413,68271.89,28999.974,61723.486
2079,59847.296,158830.845,930689.323,52964.979,60780.299,1212759.706,67342.385,28656.114,61431.379
2080,59518.802,156694.266,918005.044,52623.091,60351.783,1199083.854,66430.524,28324.073,61135.78
2081,59168.108,154550.407,905369.463,52278.103,59926.204,1185244.793,65535.532,28003.703,60836.717
2082,58795.813,152400.858,892789.878,51930.012,59503.587,1171256.69,64657.259,27694.441,60534.399
2083,58402.501,150247.185,880280.871,51578.937,59084.379,1157136.69,63794.452,27394.813,60229.493
2084,57988.841,148090.835,867859.859,51225.15,58669.127,1142903.836,62945.843,27102.965,59922.816
2085,57555.559,145933.27,855540.994,50868.848,58258.19,1128575.699,62110.171,26817.251,59615.027
2086,57103.315,143776.085,843328.593,50509.955,57851.76,1114167.19,61286.524,26536.899,59306.388
2087,56632.875,141620.856,831225.441,50148.31,57449.858,1099690.485,60473.926,26261.243,58996.978
2088,56145.177,139468.884,819241.42,49783.979,57052.459,1085157.023,59670.975,25989.044,58687.055
2089,55641.251,137321.39,807387.024,49417.072,56659.464,1070577.117,58876.242,25718.949,58376.833
2090,55122.096,135179.635,795668.094,49047.648,56270.707,1055962.211,58088.477,25449.822,58066.46
2091,54588.681,133044.993,784084.162,48675.706,55886.105,1041325.722,57306.792,25180.88,57756.001
2092,54041.898,130918.961,772628.983,48301.153,55505.49,1026682.71,56530.591,24911.598,57445.427
2093,53482.62,128803.016,761292.036,47923.883,55128.715,1012049.274,55759.51,24641.668,57134.665
2094,52911.788,126698.717,750060.16,47543.752,54755.559,997441.779,54993.27,24370.872,56823.549
2095,52330.335,124607.519,738919.075,47160.635,54385.756,982876.207,54231.597,24099.04,56511.888
2096,51739.318,122530.835,727854.011,46774.43,54018.933,968367.909,53474.213,23825.956,56199.456
2097,51139.821,120470.027,716849.883,46385.046,53654.685,953931.403,52720.785,23551.371,55885.955
2098,50533.034,118426.366,705891.449,45992.415,53292.504,939580.492,51970.912,23275.009,55571.078
2099,49920.208,116401.04,694963.239,45596.511,52931.792,925328.122,51224.166,22996.552,55254.46
2100,49302.657,114395.21,684049.526,45197.303,52571.9,911186.501,50480.088,22715.652,54935.689
2020,38928.341,212559.409,1439323.774,65273.512,83783.945,1380004.385,126476.458,46754.783,67886.004
2021,39960.19,214058.922,1444051.119,65440.8,83730.258,1393987.46,126058.228,46725.727,68177.525
2022,41046.378,215514.92,1448185.7,65603.236,83670.153,1408082.237,125597.703,46684.782,68461.081
2023,42182.952,216925.956,1451748.24,65760.394,83603.589,1422230.387,125096.895,46632.666,68736.685
2024,43366.756,218290.642,1454760.23,65912.036,83530.592,1436381.591,124557.993,46570.173,69004.427
2025,44595.456,219607.706,1457243.887,66058.147,83451.224,1450493.533,123983.353,46498.063,69264.424
2026,45867.626,220876.011,1459222.302,66198.92,83365.648,1464532.298,123375.564,46417.112,69516.864
2027,47182.643,222094.527,1460719.331,66334.779,83274.036,1478471.916,122737.389,46328.119,69761.983
2028,48540.631,223262.357,1461759.176,66466.279,83176.66,1492293.501,122071.704,46231.826,70000.078
2029,49942.17,224378.699,1462365.837,66594.096,83073.752,1505983.476,121381.477,46128.996,70231.448
2030,51387.733,225442.878,1462561.228,66718.726,82965.486,1519528.517,120669.503,46020.278,70456.417
2031,52876.983,226454.361,1462363.288,66840.295,82851.875,1532910.217,119938.197,45906.084,70675.258
2032,54408.206,227412.713,1461784.146,66958.349,82732.653,1546100.364,119189.343,45786.655,70888.161
2033,55978.006,228317.658,1460829.523,67071.707,82607.288,1559058.878,118424.039,45661.901,71095.224
2034,57582.127,229169.012,1459500.74,67178.753,82475.063,1571739.634,117642.923,45531.541,71296.486
2035,59217.412,229966.717,1457800.831,67278.228,82335.357,1584107.135,116846.965,45395.382,71492.096
2036,60883.415,230710.917,1455737.897,67369.773,82187.965,1596146.742,116037.589,45253.286,71682.035
2037,62580.917,231401.784,1453322.69,67453.346,82032.744,1607856.374,115216.822,45105.286,71866.569
2038,64309.692,232039.505,1450563.383,67528.398,81869.086,1619231.129,114386.916,44951.348,72046.51
2039,66069.891,232624.329,1447468.184,67594.384,81696.31,1630271.49,113550.328,44791.469,72222.841
2040,67862.318,233156.687,1444044.209,67650.964,81513.917,1640982.14,112709.218,44625.497,72396.216
2041,69687.788,233637.006,1440299.84,67697.944,81321.894,1651361.177,111864.804,44453.244,72566.861
2042,71548.423,234066.17,1436239.913,67735.422,81120.363,1661418.461,111018.146,44274.28,72734.472
2043,73448.288,234445.817,1431863.708,67763.76,80909.18,1671187.051,110170.919,44087.82,72898.537
2044,75392.432,234777.96,1427167.909,67783.513,80688.25,1680710.764,109324.787,43892.907,73058.261
2045,77385.53,235064.347,1422152.173,67795.199,80457.689,1690025.928,108481.03,43688.666,73212.96
2046,79430.146,235305.886,1416823.855,67799.091,80217.751,1699146.413,107640.168,43474.857,73362.587
2047,81528.772,235503.26,1411192.852,67795.489,79969.086,1708079.703,106802.263,43251.177,73506.999
2048,83685.901,235657.78,1405265.051,67785.044,79712.867,1716847.921,105967.411,43016.807,73645.388
2049,85906.463,235770.738,1399046.678,67768.601,79450.519,1725474.012,105135.483,42770.842,73776.726
2050,88194.727,235843.278,1392546.442,67746.855,79183.384,1733975.607,104305.993,42512.622,73900.33
2051,90553.444,235876.203,1385775.069,67720.392,78912.331,1742363.108,103479.095,42242.007,74016.011
2052,92984.635,235869.982,1378747.383,67689.628,78638.059,1750639.479,102653.878,41959.182,74124.012
2053,95490.769,235824.816,1371482.242,67654.957,78361.752,1758804.08,101827.39,41664.33,74224.567
2054,98074.007,235740.687,1364001.464,67616.699,78084.56,1766851.75,100995.824,41357.787,74318.096
2055,100736.152,235617.6,1356326.34,67575.269,77807.625,1774776.562,100156.218,41040.028,74405.067
2056,103479.182,235456.104,1348472.054,67531.121,77531.69,1782580.012,99307.818,40711.393,74485.697
2057,106304.199,235256.552,1340455.571,67484.862,77257.611,1790258.724,98450.809,40372.541,74560.394
2058,109210.907,235018.565,1332302.442,67437.315,76986.777,1797794.886,97584.313,40024.468,74630.136
2059,112198.276,234741.517,1324040.953,67389.389,76720.667,1805165.043,96707.672,39668.424,74696.117
2060,115265.69,234425.104,1315695.978,67341.876,76460.474,1812350.736,95820.687,39305.62,74759.382
2061,118414.326,234069.643,1307283.65,67295.188,76206.732,1819347.146,94923.491,38936.991,74820.327
2062,121645.391,233675.788,1298817.263,67249.702,75959.648,1826153.723,94016.984,38563.441,74879.318
2063,124958.295,233244.249,1290314.635,67206.077,75719.592,1832762.051,93103.06,38186.142,74937.249
2064,128352.135,232775.851,1281793.133,67165.021,75486.767,1839163.882,92184.197,37806.27,74995.076
2065,131826.749,232271.455,1273267.131,67127.034,75261.191,1845354.666,91262.783,37425.083,75053.51
2066,135383.665,231732.039,1264748.631,67092.448,75043.055,1851334.918,90340.197,37043.579,75112.978
2067,139025.228,231158.46,1256244.632,67061.252,74831.988,1857109.916,89417.988,36662.92,75173.458
2068,142753.464,230551.52,1247757.145,67033.222,74626.712,1862687.276,88499.071,36284.612,75234.554
2069,146570.783,229911.961,1239284.59,67007.965,74425.545,1868077.699,87586.77,35910.274,75295.545
2070,150480.07,229240.829,1230826.074,66985.1,74227.082,1873293.239,86684.04,35541.364,75355.936
2071,154484.148,228539.422,1222387.743,66964.537,74030.998,1878342.183,85792.186,35178.743,75415.674
2072,158586.761,227809.424,1213973.974,66946.167,73837.175,1883237.041,84912.619,34823.236,75474.817
2073,162793.124,227052.789,1205579.617,66929.591,73644.697,1888000.429,84048.268,34476.227,75532.851
2074,167109.22,226271.703,1197196.484,66914.358,73452.596,1892659.336,83202.36,34139.151,75589.127
2075,171540.778,225468.364,1188819.991,66900.021,73260.217,1897237.912,82377.209,33813.105,75643.212
2076,176092.141,224644.43,1180452.069,66886.422,73067.196,1901750.541,81574.209,33498.58,75695.007
2077,180767.626,223801.873,1172099.81,66873.362,72873.835,1906209.828,80793.061,33195.631,75744.653
2078,185572.985,222943.498,1163770.48,66860.305,72681.043,1910635.864,80032.144,32904.216,75792.353
2079,190514.353,222072.416,1155473.563,66846.653,72490.168,1915049.635,79288.698,32624.101,75838.439
2080,195597.427,221191.419,1147218.224,66831.975,72302.311,1919469.133,78560.553,32354.862,75883.225
2081,200826.903,220302.391,1139008.37,66815.989,72117.769,1923906.751,77847.043,32096.342,75926.816
2082,206207.009,219406.892,1130850.104,66798.719,71936.644,1928371.528,77148.125,31848.015,75969.401
2083,211742.385,218506.893,1122757.719,66780.462,71759.711,1932872.933,76462.901,31608.473,76011.707
2084,217437.575,217604.211,1114748.292,66761.699,71587.828,1937418.756,75790.369,31375.971,76054.582
2085,223296.842,216700.515,1106835.186,66742.777,71421.655,1942015.142,75129.61,31148.953,76098.732
2086,229324.575,215797.287,1099021.336,66723.689,71261.473,1946669.465,74479.825,30926.656,76144.384
2087,235524.552,214895.646,1091307.531,66704.292,71107.315,1951385.177,73840.145,30708.5,76191.578
2088,241899.589,213996.241,1083701.394,66684.673,70959.154,1956158.746,73209.455,30493.261,76240.522
2089,248451.983,213099.384,1076210.683,66664.959,70816.828,1960983.135,72586.485,30279.693,76291.425
2090,255184.395,212205.476,1068838.446,66645.156,70680.132,1965853.196,71970.202,30066.732,76344.311
2091,262100.135,211315.122,1061581.329,66625.21,70548.864,1970767.514,71359.75,29853.611,76399.172
2092,269203.042,210429.103,1054430.156,66604.958,70422.758,1975727.729,70754.549,29639.847,76455.852
2093,276497.293,209548.183,1047371.261,66584.164,70301.538,1980737.049,70154.141,29425.148,76514.103
2094,283987.032,208673.112,1040388.182,66562.585,70184.826,1985798.533,69558.125,29209.308,76573.594
2095,291676.25,207804.428,1033463.041,66539.919,70072.13,1990913.444,68966.094,28992.155,76633.959
2096,299568.583,206942.456,1026577.043,66515.868,69962.863,1996080.719,68377.643,28773.473,76694.745
2097,307667.316,206087.255,1019710.783,66490.161,69856.274,2001296.649,67792.264,28553.058,76755.426
2098,315975.366,205238.663,1012844.37,66462.46,69751.523,2006554.796,67209.426,28330.63,76815.461
2099,324495.284,204396.242,1005957.289,66432.485,69647.628,2011846.031,66628.569,28105.896,76874.248
2100,333229.266,203559.308,999028.416,66399.911,69543.468,2017158.617,66049.028,27878.517,76931.107
2020,38928.341,212559.409,1439323.774,65273.512,83783.945,1380004.385,126476.458,46754.783,67886.004
2021,39506.646,214442.894,1446858.788,65480.975,84048.369,1393868.854,126351.612,46867.423,68298.556
2022,39962.09,216440.562,1454846.192,65716.953,84240.58,1407758.012,126310.728,47013.96,68718.782
2023,40341.1,218498.123,1462928.383,65970.684,84380.705,1421638.1,126313.082,47178.827,69141.426
2024,40709.387,220537.099,1470600.681,66225.06,84500.872,1435452.001,126298.999,47340.424,69558.519
2025,41115.887,222498.977,1477492.954,66467.588,84624.733,1449152.971,126224.792,47482.88,69964.197
2026,41576.718,224365.748,1483482.018,66695.455,84756.879,1462727.414,126077.892,47600.285,70357.165
2027,42082.625,226148.793,1488654.759,66912.684,84889.898,1476173.71,125870.176,47695.803,70739.247
2028,42626.173,227854.622,1493108.264,67121.434,85021.509,1489468.47,125612.03,47773.669,71111.443
2029,43190.824,229499.54,1497021.344,67325.844,85146.364,1502586.324,125322.524,47841.841,71475.688
2030,43764.362,231095.354,1500528.414,67528.75,85260.588,1515502.528,125015.941,47906.167,71833.495
2031,44347.293,232640.139,1503643.894,67730.128,85364.874,1528202.781,124693.576,47966.782,72185.103
2032,44945.734,234126.597,1506323.815,67928.003,85461.623,1540667.105,124350.473,48021.174,72530.112
2033,45558.645,235556.078,1508581.73,68121.244,85550.352,1552858.736,123987.869,48069.564,72868.834
2034,46184.912,236930.564,1510426.564,68308.195,85630.421,1564735.364,123606.481,48111.961,73201.545
2035,46822.911,238252.049,1511871.8,68487.589,85701.34,1576264.561,123207.417,48148.374,73528.647
2036,47471.094,239521.807,1512937.179,68659.21,85763.288,1587433.036,122792.702,48179.033,73850.452
2037,48126.751,240741.394,1513651.123,68823.171,85816.458,1598239.073,122364.864,48204.206,74167.565
2038,48785.508,241913.557,1514046.288,68978.932,85860.468,1608678.386,121926.086,48223.967,74481.03
2039,49442.103,243041.557,1514159.494,69125.969,85894.874,1618751.719,121478.671,48238.335,74792.119
2040,50091.956,244128.382,1514023.769,69264.015,85919.503,1628463.702,121024.969,48247.28,75101.88
2041,50732.905,245176.242,1513658.672,69393.037,85934.985,1637812.211,120567.104,48250.949,75410.867
2042,51362.947,246187.145,1513082.877,69513.465,85942.218,1646806.65,120107.372,48249.273,75719.359
2043,51977.799,247163.568,1512326.682,69626.128,85941.883,1655479.179,119648.416,48241.602,76027.616
2044,52572.783,248108.112,1511422.168,69732.138,85934.812,1663872.476,119192.98,48227.121,76335.788
2045,53144.354,249023.216,1510394.699,69832.556,85922.131,1672021.414,118743.732,48205.247,76644.024
2046,53690.523,249910.502,1509263.849,69927.839,85904.703,1679939.659,118301.986,48175.992,76952.597
2047,54211.098,250771.945,1508036.797,70018.547,85884.227,1687632.942,117869.729,48139.647,77261.758
2048,54706.861,251610.787,1506709.946,70105.991,85863.926,1695118.353,117450.991,48096.274,77571.679
2049,55179.663,252430.58,1505271.843,70191.75,85847.674,1702412.496,117050.389,48046.031,77882.456
2050,55631.156,253234.064,1503715.011,70277.073,85838.756,1709528.268,116671.292,47989.186,78194.171
2051,56061.535,254022.274,1502047.934,70362.748,85838.592,1716474.523,116315.002,47925.866,78506.912
2052,56471.106,254795.353,1500280.596,70449.126,85848.165,1723254.964,115980.893,47856.594,78820.717
2053,56861.928,255553.775,1498408.612,70536.504,85869.635,1729869.617,115667.768,47782.566,79135.493
2054,57236.595,256297.582,1496424.851,70624.946,85905.284,1736314.895,115373.404,47705.339,79451.065
2055,57597.338,257026.354,1494327.45,70714.615,85956.715,1742586.574,115095.621,47626.157,79767.27
2056,57945.085,257740.425,1492119.598,70805.904,86024.928,1748686.384,114834.109,47545.622,80084.183
2057,58280.626,258438.549,1489814.64,70899.226,86109.888,1754611.851,114587.726,47463.978,80401.826
2058,58605.998,259116.595,1487434.084,70994.71,86210.758,1760348.559,114352.186,47381.586,80719.881
2059,58923.448,259769.045,1485005.442,71092.441,86326.079,1765877.335,114122.086,47298.719,81038.044
2060,59234.667,260391.62,1482552.038,71192.517,86454.488,1771183.256,113893.219,47215.593,81356.068
2061,59540.357,260983.146,1480085.877,71295.065,86595.623,1776262.915,113664.199,47132.917,81673.845
2062,59840.487,261543.627,1477614.583,71400.315,86749.039,1781116.665,113434.851,47051.043,81991.606
2063,60134.881,262071.634,1475151.894,71508.619,86913.016,1785738.411,113203.88,46969.6,82309.79
2064,60422.956,262565.853,1472711.385,71620.38,87085.477,1790122.288,112970.279,46887.879,82629.007
2065,60704,263025.682,1470305.003,71735.874,87264.636,1794265.518,112733.661,46805.6,82949.763
2066,60977.929,263451.032,1467944.146,71855.272,87449.701,1798169.477,112493.802,46723.101,83272.273
2067,61244.082,263842.829,1465637.001,71978.508,87640.072,1801839.468,112251.627,46641.396,83596.52
2068,61500.412,264203.005,1463387.764,72105.453,87834.521,1805282.672,112009.512,46561.726,83922.486
2069,61744.275,264534.233,1461198.251,72235.866,88031.774,1808508.904,111770.712,46485.695,84250.08
2070,61973.511,264839.207,1459071.535,72369.516,88230.876,1811529.159,111538.256,46414.748,84579.263
2071,62187.298,265119.622,1457014.516,72506.382,88431.479,1814351.442,111313.156,46349.51,84910.205
2072,62385.242,265377.455,1455035.538,72646.422,88633.553,1816987.45,111096.862,46290.787,85243.145
2073,62566.139,265616.192,1453140.727,72789.483,88836.938,1819457.161,110893.38,46240.341,85578.057
2074,62728.807,265839.807,1451336.219,72935.412,89041.653,1821784.309,110707.466,46200.233,85914.929
2075,62872.409,266051.987,1449628.314,73084.07,89247.977,1823990.33,110542.806,46172.057,86253.831
2076,62996.602,266255.109,1448022.534,73235.418,89456.046,1826088.527,110401.481,46156.509,86594.907
2077,63101.454,266451.597,1446525.575,73389.346,89666.649,1828090.894,110283.862,46153.773,86938.504
2078,63187.175,266645.119,1445146.202,73545.609,89881.7,1830015.8,110189.634,46164.114,87285.177
2079,63254.18,266839.665,1443894.041,73703.882,90103.627,1831882.526,110117.654,46187.591,87635.574
2080,63303.134,267038.609,1442777.395,73863.944,90334.513,1833707.835,110067.098,46224.083,87990.292
2081,63334.468,267244.084,1441799.617,74025.601,90575.134,1835503.569,110038.044,46273.658,88349.536
2082,63349.044,267457.616,1440964.377,74188.948,90826.015,1837278.834,110031.189,46336.014,88713.505
2083,63348.415,267681.061,1440280.169,74354.309,91088.751,1839043.335,110046.924,46410.076,89082.849
2084,63334.534,267916.017,1439756.409,74522.229,91365.018,1840805.457,110085.754,46494.434,89458.282
2085,63309.196,268163.68,1439399.11,74693.043,91656.042,1842572.068,110147.787,46587.847,89840.329
2086,63273.537,268425.187,1439206.709,74866.743,91962.378,1844351.036,110232.684,46689.678,90229.138
2087,63228.703,268700.956,1439174.96,75043.103,92283.947,1846146.779,110339.56,46799.405,90624.549
2088,63176.599,268990.378,1439302.463,75222.057,92620.649,1847957.896,110467.353,46916.015,91026.376
2089,63119.279,269292.196,1439586.77,75403.436,92972.066,1849780.056,110614.667,47038.418,91434.24
2090,63058.611,269605.382,1440021.781,75587.072,93337.604,1851610.477,110780.099,47165.633,91847.768
2091,62996.008,269929.296,1440596.934,75772.705,93716.609,1853449.549,110962.279,47296.881,92266.563
2092,62932.571,270263.644,1441297.496,75960.05,94108.274,1855300.196,111159.877,47431.544,92690.222
2093,62869.144,270608.242,1442105.237,76148.773,94511.638,1857166.717,111371.533,47569.108,93118.357
2094,62806.506,270962.785,1442999.319,76338.48,94925.518,1859053.222,111595.694,47709.097,93550.429
2095,62745.509,271326.621,1443956.975,76528.722,95348.505,1860962.332,111830.659,47851.034,93985.843
2096,62687.053,271698.621,1444953.811,76719.023,95778.904,1862894.693,112074.45,47994.393,94423.832
2097,62632.21,272077.224,1445963.93,76908.83,96214.757,1864848.715,112324.864,48138.591,94863.521
2098,62582.134,272460.33,1446960.003,77097.524,96653.813,1866820.471,112579.416,48283.005,95303.89
2099,62538.133,272845.37,1447913.216,77284.444,97093.564,1868803.775,112835.394,48426.966,95743.793
2100,62501.612,273229.311,1448793.224,77468.905,97531.202,1870790.237,113089.798,48569.716,96181.919
2020,38928.341,212559.409,1439323.774,65273.512,83783.945,1380004.385,126476.458,46754.783,67886.004
2021,39907.903,213981.105,1444514.487,65376.946,83595.262,1393820.333,125971.779,46696.948,68024.772
2022,40892.996,215334.782,1449150.713,65472.075,83397.503,1407519.672,125434.215,46628.517,68151.049
2023,41882.876,216620.388,1453248.259,65558.956,83190.833,1421056.407,124865.141,46550.299,68265.096
2024,42876.847,217838.243,1456824.246,65637.758,82975.341,1434391.161,124266.159,46463.097,68367.138
2025,43874.196,218989.019,1459897.171,65708.798,82751.088,1447491.167,123639.037,46367.66,68457.299
2026,44874.23,220073.804,1462486.991,65772.482,82518.088,1460330.577,122985.704,46264.701,68535.642
2027,45876.276,221094.024,1464614.987,65829.37,82276.309,1472890.123,122308.299,46154.922,68602.145
2028,46879.658,222051.428,1466303.379,65880.129,82025.722,1485156.375,121609.093,46038.984,68656.779
2029,47883.695,222947.94,1467574.68,65925.424,81766.22,1497120.183,120890.42,45917.475,68699.445
2030,48887.692,223785.332,1468449.611,65965.791,81497.707,1508772.543,120154.535,45790.902,68730.168
2031,49890.9,224564.853,1468944.999,66001.454,81220.129,1520100.037,119403.348,45659.651,68749.136
2032,50892.466,225286.905,1469071.855,66032.114,80933.436,1531080.852,118638.323,45523.953,68756.885
2033,51891.47,225950.904,1468834.603,66056.96,80637.642,1541683.131,117860.344,45383.827,68754.211
2034,52886.94,226555.672,1468233.339,66074.779,80332.758,1551869.716,117069.959,45239.2,68742.162
2035,53877.894,227100.577,1467270.577,66084.603,80018.818,1561612.338,116268.002,45089.98,68721.664
2036,54863.532,227586.13,1465953.681,66086.234,79695.852,1570898.244,115455.633,44936.066,68693.021
2037,55843.008,228013.571,1464294.436,66079.588,79363.77,1579726.551,114634.646,44777.419,68656.588
2038,56815.338,228384.044,1462304.521,66063.925,79022.054,1588097.296,113807.066,44613.915,68613.412
2039,57779.484,228698.984,1459996.894,66038.406,78670.053,1596016.111,112975.228,44445.407,68564.716
2040,58734.503,228959.751,1457382.388,66002.436,78307.345,1603489.693,112141.155,44271.666,68511.367
2041,59679.655,229167.046,1454471.282,65955.831,77934.07,1610517.188,111305.893,44092.426,68453.775
2042,60614.216,229321.755,1451268.445,65898.764,77550.553,1617102.9,110470.316,43907.287,68391.776
2043,61537.226,229425.736,1447772.613,65831.596,77156.863,1623266.672,109635.975,43715.475,68324.93
2044,62447.739,229481.104,1443979.148,65754.874,76753.138,1629034.554,108804.411,43516.092,68252.461
2045,63344.902,229489.581,1439887.123,65669.203,76339.669,1634428.229,107976.78,43308.325,68173.705
2046,64228.001,229452.298,1435503.993,65574.804,75916.8,1639456.151,107153.533,43091.93,68088.66
2047,65096.57,229369.651,1430841.415,65472.023,75485.326,1644123.051,106334.628,42866.525,67997.21
2048,65950.563,229241.795,1425908.395,65361.611,75046.535,1648442.159,105519.941,42631.17,67898.466
2049,66790.113,229068.565,1420715.119,65244.464,74602.125,1652427.189,104709.068,42384.749,67791.274
2050,67615.193,228849.905,1415273.222,65121.354,74153.546,1656088.63,103901.349,42126.509,67674.825
2051,68425.427,228586.373,1409594.63,64992.92,73701.776,1659434.506,103096.911,41856.227,67548.959
2052,69220.236,228278.601,1403693.652,64859.614,73247.531,1662467.007,102294.877,41574.158,67413.857
2053,69999.168,227926.686,1397587.952,64721.958,72791.745,1665182.87,101492.469,41280.538,67269.644
2054,70761.721,227530.639,1391297.365,64580.384,72335.3,1667574.949,100686.066,40975.817,67116.603
2055,71507.409,227090.592,1384841.575,64435.428,71879.123,1669637.864,99872.889,40660.559,66955.097
2056,72235.821,226607.018,1378235.303,64287.592,71423.918,1671372.358,99052.292,40335.149,66785.316
2057,72946.507,226080.53,1371495.675,64137.549,70970.577,1672780.721,98224.52,40000.235,66607.688
2058,73638.862,225511.648,1364647.981,63986.058,70520.502,1673860.624,97389.048,39656.927,66423.198
2059,74312.279,224900.965,1357720.343,63833.94,70075.28,1674609.068,96545.538,39306.563,66233.002
2060,74966.14,224249.121,1350737.287,63681.956,69636.151,1675023.843,95694.099,38950.44,66038.163
2061,75600.036,223556.943,1343714.016,63530.535,69203.697,1675107.018,94834.955,38589.573,65839.143
2062,76213.574,222825.249,1336662.858,63380.131,68778.084,1674859.706,93969.164,38224.877,65636.403
2063,76806.241,222054.791,1329600.995,63231.548,68359.577,1674278.053,93098.769,37857.521,65430.993
2064,77377.542,221246.368,1322545.2,63085.65,67948.235,1673356.95,92226.469,37488.715,65224.099
2065,77927.022,220400.877,1315508.942,62943.057,67543.986,1672094.664,91354.808,37119.7,65016.634
2066,78454.389,219519.448,1308503.871,62804.203,67147.03,1670494.629,90485.233,36751.501,64809.175
2067,78959.367,218603.39,1301535.486,62669.086,66757.141,1668564.808,89619.284,36385.32,64601.8
2068,79441.678,217654.207,1294602.262,62537.537,66373.227,1666314.339,88759.788,36022.696,64394.31
2069,79901.024,216673.556,1287698.192,62409.161,65993.774,1663754.803,87909.971,35665.32,64186.201
2070,80337.22,215663.14,1280819.107,62283.609,65617.606,1660898.285,87072.659,35314.696,63977.146
2071,80750.11,214624.576,1273969.401,62160.767,65244.532,1657753.327,86249.113,34971.684,63767.266
2072,81139.669,213559.505,1267153.733,62040.618,64874.545,1654331.012,85440.653,34637.145,63556.773
2073,81505.984,212469.595,1260368.176,61922.924,64506.996,1650649.792,84650.01,34312.373,63345.325
2074,81849.18,211356.572,1253606.81,61807.431,64141.182,1646731.101,83880.202,33998.757,63132.498
2075,82169.453,210222.263,1246866.682,61693.881,63776.679,1642594.007,83133.313,33697.348,62918.059
2076,82466.922,209068.285,1240149.768,61582.129,63413.3,1638252.76,82410.631,33408.616,62702.018
2077,82741.714,207896.699,1233462.35,61471.895,63051.462,1633718.194,81711.777,33132.598,62484.66
2078,82993.99,206710.311,1226811.34,61362.479,62692.33,1629002.005,81034.912,32869.282,62266.277
2079,83223.895,205512.269,1220205.685,61253.055,62337.462,1624114.877,80377.099,32618.405,62047.31
2080,83431.683,204305.322,1213654.182,61142.966,61988.185,1619067.918,79735.996,32379.547,61828.159
2081,83617.618,203091.466,1207160.65,61031.851,61644.885,1613871.339,79110.836,32152.545,61608.99
2082,83782.112,201872.185,1200731.248,60919.693,61307.768,1608537.754,78501.515,31936.831,61390.099
2083,83925.63,200649.093,1194380.314,60806.698,60977.6,1603083.214,77907.059,31730.951,61172.226
2084,84048.684,199423.61,1188124.917,60693.296,60655.29,1597525.253,77326.506,31533.096,60956.251
2085,84151.85,198197.148,1181978.459,60579.735,60341.47,1591878.447,76758.887,31341.635,60742.891
2086,84235.587,196971.104,1175943.718,60465.945,60036.425,1586154.455,76203.401,31155.805,60532.401
2087,84300.421,195746.839,1170021.409,60351.641,59740.173,1580359.41,75659.179,30974.966,60324.841
2088,84347.002,194525.54,1164219.366,60236.774,59452.624,1574495.224,75125.033,30797.965,60120.414
2089,84376.053,193308.221,1158545.645,60121.264,59173.555,1568560.534,74599.668,30623.517,59919.23
2090,84388.282,192095.884,1153003.43,60004.973,58902.666,1562556.022,74082.049,30450.576,59721.372
2091,84384.308,190889.439,1147589.257,59887.752,58639.624,1556486.19,73571.377,30278.381,59526.754
2092,84364.742,189689.725,1142293.615,59769.347,58384.066,1550358.735,73067.16,30106.442,59335.197
2093,84330.181,188497.516,1137102.417,59649.495,58135.509,1544183.069,72569.093,29934.439,59146.455
2094,84281.181,187313.496,1131998.637,59527.893,57893.428,1537968.615,72076.93,29762.153,58960.134
2095,84218.399,186138.23,1126963.852,59404.197,57657.107,1531723.247,71590.457,29589.403,58775.836
2096,84142.472,184972.217,1121978.818,59278.069,57425.733,1525452.772,71109.437,29415.984,58593.06
2097,84054.122,183815.828,1117023.672,59149.158,57198.333,1519160.571,70633.556,29241.687,58411.232
2098,83954.097,182669.306,1112078.14,59017.05,56973.786,1512847.512,70162.458,29066.257,58229.706
2099,83843.194,181532.846,1107121.4,58881.346,56750.813,1506512.097,69695.783,28889.418,58047.786
2100,83722.266,180406.484,1102132.023,58741.624,56528.018,1500150.36,69233.053,28710.886,57864.702
2020,38928.341,212559.409,1439323.774,65273.512,83783.945,1380004.385,126476.458,46754.783,67886.004
2021,39833.812,213930.229,1443709.337,65418.4,83729.318,1392965.624,126004.12,46722.969,68159.465
2022,40732.617,215215.583,1447392.193,65553.004,83655.306,1405673.262,125477.966,46677.371,68418.819
2023,41624.421,216415.169,1450382.937,65677.041,83562.461,1418083.985,124901.111,46618.838,68664.412
2024,42508.983,217529.019,1452695.094,65790.317,83451.524,1430161.023,124276.909,46548.216,68896.551
2025,43386.136,218557.492,1454345.114,65892.853,83323.321,1441874.14,123608.891,46466.377,69115.421
2026,44255.816,219501.257,1455352.625,65984.74,83178.873,1453199.912,122900.812,46374.135,69321.15
2027,45118.028,220361.313,1455740.162,66066.269,83019.336,1464121.457,122156.651,46272.31,69513.784
2028,45972.85,221138.934,1455532.63,66137.802,82845.958,1474627.555,121380.486,46161.723,69693.31
2029,46820.339,221835.566,1454756.337,66199.801,82660.047,1484711.274,120576.491,46043.093,69859.699
2030,47660.479,222452.64,1453436.033,66252.621,82462.754,1494365.688,119748.567,45917.098,70013.016
2031,48492.991,222991.234,1451591.879,66296.471,82254.893,1503579.396,118900.1,45784.213,70153.577
2032,49317.241,223451.949,1449236.662,66331.204,82036.783,1512332.513,118033.622,45644.701,70281.985
2033,50132.193,223834.691,1446374.695,66356.317,81808.11,1520594.977,117150.785,45498.584,70399.281
2034,50936.535,224139.1,1443005.036,66371.081,81568.236,1528331.424,116252.609,45345.722,70506.69
2035,51729.108,224365.196,1439131.292,66374.959,81316.727,1535515.229,115340.484,45185.974,70605.341
2036,52509.143,224513.841,1434765.244,66367.96,81054,1542134.877,114416.207,45019.306,70695.666
2037,53276.087,224586.509,1429925.895,66350.259,80780.627,1548190.944,113482.46,44845.792,70778.122
2038,54029.156,224584.669,1424632.709,66321.855,80496.457,1553685.351,112542.373,44665.33,70853.982
2039,54767.596,224510.061,1418907.914,66282.743,80201.291,1558625.758,111599.436,44477.771,70924.676
2040,55490.641,224364.445,1412771.909,66233.058,79895.184,1563020.425,110656.538,44282.951,70991.259
2041,56197.646,224149.012,1406243.672,66172.934,79578.671,1566869.345,109715.13,44080.762,71054.368
2042,56887.842,223865.279,1399337.386,66102.711,79252.633,1570177.072,108776.105,43870.862,71113.948
2043,57560.271,223515.566,1392063.168,66022.949,78917.987,1572963.405,107840.947,43652.632,71169.448
2044,58213.847,223102.502,1384428.758,65934.36,78575.882,1575253.977,106910.95,43425.226,71219.927
2045,58847.692,222628.394,1376445.771,65837.602,78227.485,1577069.964,105986.955,43187.981,71264.658
2046,59461.066,222095.028,1368131.196,65733.166,77873.595,1578421.304,105069.659,42940.824,71303.736
2047,60053.539,221503.657,1359508.486,65621.474,77515.436,1579312.748,104158.755,42683.697,71337.353
2048,60624.84,220855.379,1350604.019,65503.139,77155.193,1579753.944,103252.554,42415.896,71365.042
2049,61174.85,220151.083,1341447.525,65378.782,76795.46,1579753.646,102348.516,42136.682,71386.169
2050,61703.371,219391.779,1332067.385,65249.017,76438.409,1579319.487,101444.558,41845.595,71400.393
2051,62210.018,218578.962,1322485.381,65114.414,76085.254,1578460.377,100540.483,41542.739,71407.649
2052,62694.252,217714.244,1312723.256,64975.573,75736.732,1577182.019,99636.084,41228.723,71408.31
2053,63155.688,216798.775,1302809.494,64833.183,75393.948,1575484.556,98729.064,40904.286,71403.077
2054,63593.89,215833.6,1292774.166,64687.964,75057.898,1573365.451,97816.718,40570.492,71392.865
2055,64008.465,214819.987,1282644.921,64540.629,74729.39,1570824.291,96897.207,40228.415,71378.486
2056,64399.093,213759.41,1272443.887,64391.683,74409.07,1567865.378,95970.283,39878.86,71360.274
2057,64765.44,212653.656,1262190.811,64241.699,74097.35,1564495.866,95036.924,39522.738,71338.486
2058,65107.077,211504.609,1251907.656,64091.422,73794.427,1560721.502,94098.166,39161.567,71313.84
2059,65423.546,210314.286,1241615.654,63941.63,73500.344,1556548.783,93155.664,38797.049,71287.182
2060,65714.457,209084.711,1231334.318,63792.994,73215.011,1551984.174,92211.234,38430.813,71259.145
2061,65979.599,207817.908,1221080.75,63645.897,72938.55,1547035.978,91265.764,38064.064,71230.157
2062,66218.789,206515.757,1210870.216,63500.664,72670.808,1541710.64,90320.943,37697.968,71200.411
2063,66431.811,205180.055,1200717.084,63357.775,72410.967,1536011.057,89380.383,37334.15,71170.018
2064,66618.48,203812.578,1190634.294,63217.682,72157.885,1529938.917,88448.491,36974.343,71139
2065,66778.664,202415.223,1180633.452,63080.737,71910.648,1523498.978,87529.058,36620.119,71107.363
2066,66912.335,200989.998,1170727.464,62947.158,71668.994,1516700.447,86623.889,36272.501,71075.372
2067,67019.467,199539.323,1160925.85,62816.878,71432.766,1509556.923,85734.271,35932.48,71043.14
2068,67100.142,198066.215,1151232.093,62689.5,71201.276,1502083.813,84862.864,35601.553,71010.536
2069,67154.452,196573.973,1141646.644,62564.444,70973.776,1494298.905,84012.384,35281.251,70977.314
2070,67182.53,195065.641,1132171.777,62441.209,70749.721,1486220,83184.913,34972.795,70943.321
2071,67184.597,193543.627,1122811.731,62319.615,70528.895,1477860.669,82381.644,34676.784,70908.616
2072,67160.858,192010.031,1113575.113,62199.539,70311.389,1469236.287,81602.966,34393.476,70873.366
2073,67111.509,190467.123,1104473.276,62080.631,70097.455,1460369.065,80848.906,34123.089,70837.808
2074,67036.818,188917.097,1095519.542,61962.507,69887.505,1451283.663,80119.002,33865.593,70802.209
2075,66937.094,187362.082,1086723.899,61844.822,69681.965,1442002.393,79412.656,33620.84,70766.793
2076,66812.714,185804.044,1078089.055,61727.331,69480.859,1432542.844,78729.822,33388.74,70731.644
2077,66664.189,184245.012,1069614.428,61609.84,69284.446,1422919.291,78069.929,33168.871,70696.882
2078,66492.122,182687.328,1061301.84,61491.998,69093.574,1413146.662,77430.909,32960.158,70662.849
2079,66297.204,181133.376,1053151.951,61373.425,68909.371,1403238.698,76810.043,32761.123,70629.942
2080,66080.117,179585.226,1045163.175,61253.859,68732.697,1393209.281,76205.042,32570.458,70598.443
2081,65841.514,178044.587,1037334.645,61133.07,68563.766,1383071.524,75614.803,32387.527,70568.441
2082,65582.04,176512.723,1029660.292,61010.979,68402.547,1372840.093,75038.622,32211.635,70539.873
2083,65302.513,174990.715,1022126.093,60887.567,68249.177,1362531.719,74475.084,32041.372,70512.79
2084,65003.866,173479.379,1014713.866,60762.907,68103.694,1352163.894,73922.83,31875.132,70487.161
2085,64686.96,171979.499,1007408.013,60637.056,67966.046,1341751.722,73380.602,31711.568,70462.908
2086,64352.558,170491.995,1000201.876,60510.003,67836.142,1331307.179,72847.533,31549.943,70440.019
2087,64001.406,169017.761,993090.408,60381.688,67713.737,1320838.62,72322.892,31389.756,70418.299
2088,63634.402,167557.553,986061.543,60252.045,67598.227,1310352.462,71805.893,31230.384,70397.28
2089,63252.481,166111.982,979102.322,60121.008,67488.85,1299852.988,71295.897,31071.234,70376.342
2090,62856.53,164681.602,972202.47,59988.559,67384.868,1289344.715,70792.329,30911.89,70354.985
2091,62447.365,163266.759,965355.688,59854.753,67285.675,1278833.233,70294.868,30752.105,70332.894
2092,62025.726,161867.73,958559.193,59719.699,67190.784,1268324.875,69803.332,30591.776,70309.92
2093,61592.309,160484.586,951812.737,59583.551,67099.694,1257826.069,69317.68,30430.952,70285.989
2094,61147.816,159117.353,945117.369,59446.482,67011.898,1247342.605,68838.009,30269.782,70261.084
2095,60692.914,157765.912,938474.348,59308.694,66926.755,1236878.886,68364.528,30108.585,70235.078
2096,60228.334,156430.089,931884.807,59170.383,66843.521,1226437.73,67897.548,29947.73,70207.796
2097,59754.823,155109.579,925349.5,59031.72,66761.294,1216020.204,67437.492,29787.697,70178.937
2098,59273.128,153804.014,918868.752,58892.925,66679.007,1205625.576,66984.884,29629.09,70148.108
2099,58784.033,152512.934,912442.516,58754.169,66595.474,1195251.385,66540.345,29472.584,70114.819
2100,58288.362,151235.771,906070.359,58615.645,66509.337,1184893.405,66104.592,29318.986,70078.477
2020,38928.341,212559.409,1439323.774,65273.512,83783.945,1380004.385,126476.458,46754.783,67886.004
2021,39943.186,214002.634,1443627.576,65419.265,83720.248,1393613.808,126012.35,46711.668,68158.734
2022,41005.209,215384.327,1447198.253,65555.092,83635.253,1407201.457,125491.108,46652.464,68416.731
2023,42110.526,216702.709,1450051.966,65680.659,83529.62,1420712.318,124915.85,46578.076,68660.427
2024,43256.014,217956.091,1452206.584,65795.772,83404.099,1434098.928,124289.789,46489.409,68890.171
2025,44439.348,219142.989,1453681.646,65900.387,83259.605,1447321.315,123616.259,46387.376,69106.206
2026,45659.005,220262.028,1454498.58,65994.647,83097.187,1460347.378,122898.709,46272.86,69308.687
2027,46914.248,221311.994,1454680.475,66078.857,82918.03,1473152.486,122140.682,46146.762,69497.693
2028,48204.961,222291.809,1454251.733,66153.431,82723.391,1485718.642,121345.832,46009.947,69673.244
2029,49531.538,223200.587,1453237.364,66218.881,82514.623,1498032.806,120517.792,45863.255,69835.303
2030,50894.205,224037.578,1451660.943,66275.626,82292.863,1510082.339,119660.073,45707.392,69983.971
2031,52292.411,224802.251,1449542.412,66323.887,82058.973,1521849.895,118775.871,45542.915,70119.56
2032,53724.279,225494.268,1446896.182,66363.486,81813.334,1533309.123,117867.868,45370.125,70242.717
2033,55186.385,226113.541,1443730.351,66393.836,81555.728,1544422.755,116938.262,45189.077,70354.485
2034,56674.365,226660.144,1440048.931,66414.101,81285.601,1555147.931,115988.846,44999.615,70456.117
2035,58184.991,227134.309,1435858.772,66423.67,81002.599,1565451.794,115021.643,44801.628,70548.749
2036,59717.506,227536.45,1431173.157,66422.486,80707.198,1575320.746,114038.7,44595.13,70632.837
2037,61272.303,227867.021,1426009.271,66410.788,80399.964,1584753.058,113042.719,44380.221,70708.851
2038,62848.923,228126.57,1420382.36,66388.573,80080.851,1593744.642,112036.991,44156.867,70777.989
2039,64447.212,228315.756,1414308.582,66355.921,79749.684,1602296.643,111025.149,43924.997,70841.607
2040,66067.622,228435.491,1407803.754,66312.978,79406.606,1610413.933,110010.183,43684.478,70900.732
2041,67710.516,228486.664,1400884.9,66259.898,79052.14,1618095.255,108993.751,43435.241,70955.96
2042,69377.444,228470.711,1393566.672,66197.014,78687.164,1625349.981,107976.998,43177.042,71007.256
2043,71071.739,228389.708,1385859.876,66124.823,78312.577,1632208.932,106961.59,42909.227,71054.14
2044,72797.761,228246.18,1377773.805,66044.005,77929.464,1638712.807,105949.084,42631.008,71095.774
2045,74559.349,228042.424,1369320.857,65955.176,77538.979,1644895.569,104940.501,42341.729,71131.482
2046,76358.44,227779.998,1360517.993,65858.811,77141.91,1650770.893,103936.675,42041.346,71161.361
2047,78196.824,227460.433,1351386.913,65755.356,76739.438,1656346.527,102937.416,41729.845,71185.609
2048,80078.064,227085.906,1341951.22,65645.431,76333.566,1661643.25,101941.289,41406.708,71203.715
2049,82006.05,226658.784,1332237.049,65529.668,75926.686,1666682.48,100946.065,41071.374,71215.04
2050,83984.093,226181.174,1322270.162,65408.736,75520.79,1671481.148,99949.835,40723.563,71219.219
2051,86014.189,225654.855,1312071.225,65283.215,75117.001,1676050.757,98952.505,40363.422,71216.178
2052,88097.646,225081.241,1301662.506,65153.678,74716.089,1680395.995,97953.797,39991.487,71206.308
2053,90236.182,224461.517,1291073.588,65020.794,74319.261,1684517.202,96951.265,39608.437,71190.22
2054,92431.229,223796.729,1280336.498,64885.193,73927.658,1688410.434,95941.949,39215.196,71168.782
2055,94683.86,223087.93,1269480.353,64747.541,73542.189,1692071.947,94923.805,38812.692,71142.796
2056,96995.32,222336.705,1258527.717,64608.334,73163.569,1695505.422,93896.512,38401.718,71112.525
2057,99366.009,221544.534,1247498.1,64468.184,72792.158,1698711.728,92860.928,37983.17,71078.257
2058,101795.113,220712.393,1236413.58,64327.941,72427.983,1701680.2,91817.805,37558.446,71040.739
2059,104281.104,219841.136,1225295.421,64188.56,72070.917,1704396.116,90768.474,37129.137,71000.842
2060,106822.846,218931.804,1214163.314,64050.792,71720.721,1706848.731,89714.411,36696.778,70959.246
2061,109420.773,217985.888,1203035.109,63915.083,71377.488,1709038.146,88656.431,36262.487,70916.385
2062,112075.33,217005.133,1191926.834,63781.706,71041.143,1710967.661,87596.105,35827.436,70872.43
2063,114785.413,215991.239,1180853.226,63651.094,70711.067,1712634.225,86536.874,35393.254,70827.464
2064,117549.583,214945.991,1169827.529,63523.632,70386.383,1714034.948,85482.978,34961.689,70781.445
2065,120367.071,213871.248,1158861.967,63399.559,70066.361,1715170.309,84438.071,34534.291,70734.376
2066,123238.481,212768.834,1147969.561,63279.068,69750.797,1716044.97,83403.877,34112.118,70686.463
2067,126165.195,211640.722,1137161.11,63162.107,69439.535,1716668.381,82381.749,33696.153,70637.872
2068,129148.385,210489.138,1126443.19,63048.317,69131.904,1717053.112,81374.425,33287.859,70588.509
2069,132189.64,209316.504,1115820.208,62937.153,68827.141,1717214.956,80384.752,32888.757,70538.193
2070,135290.798,208125.183,1105297.315,62828.141,68524.7,1717170.235,79414.991,32500.061,70486.825
2071,138453.598,206917.216,1094880.225,62721.111,68224.399,1716930.542,78466.394,32122.391,70434.471
2072,141680.471,205694.687,1084577.16,62615.913,67926.335,1716510.597,77539.471,31756.075,70381.308
2073,144974.937,204460.078,1074398.104,62512.028,67630.746,1715934.515,76634.491,31401.4,70327.547
2074,148341.198,203215.997,1064353.995,62408.839,67338.026,1715230.149,75751.267,31058.501,70273.451
2075,151783.232,201964.893,1054453.132,62305.854,67048.578,1714422.435,74889.45,30727.321,70219.232
2076,155303.807,200708.692,1044698.076,62202.768,66762.45,1713527.063,74049.158,30407.864,70164.99
2077,158905.745,199449.256,1035089.028,62099.457,66479.873,1712557.858,73229.955,30099.738,70110.839
2078,162593.21,198188.836,1025628.038,61995.719,66201.671,1711535.104,72430.006,29801.929,70057.135
2079,166370.712,196929.716,1016316.287,61891.452,65928.91,1710479.703,71646.89,29513.024,70004.241
2080,170242.275,195673.945,1007152.557,61786.548,65662.388,1709409.44,70878.522,29231.773,69952.464
2081,174210.858,194422.987,998136.132,61680.834,65402.317,1708337.088,70123.931,28957.585,69901.868
2082,178278.945,193178.118,989260.989,61574.182,65148.728,1707271.691,69382.496,28689.843,69852.445
2083,182449.302,191940.601,980513.266,61466.59,64901.779,1706221.58,68652.912,28427.241,69804.209
2084,186724.586,190711.547,971874.926,61358.064,64661.62,1705193.007,67933.826,28168.279,69757.105
2085,191107.15,189491.862,963330.572,61248.639,64428.289,1704190.889,67224.065,27911.715,69711.097
2086,195599.421,188282.438,954873.963,61138.29,64201.744,1703220.801,66522.766,27656.864,69666.135
2087,200203.219,187083.809,946500.42,61026.986,63981.735,1702285.963,65829.244,27403.267,69622.069
2088,204919.619,185896.065,938198.063,60914.621,63767.66,1701384.906,65142.711,27150.28,69578.47
2089,209749.243,184719.005,929954.057,60801.072,63558.702,1700513.652,64462.454,26897.325,69534.817
2090,214692.883,183552.494,921758.432,60686.272,63354.158,1699668.427,63787.9,26644.001,69490.658
2091,219751.745,182396.441,913605.455,60570.267,63153.428,1698846.539,63118.657,26390.049,69445.722
2092,224927.37,181250.894,905493.165,60453.146,62956.088,1698046.118,62454.485,26135.373,69399.822
2093,230221.406,180115.877,897422.259,60335.099,62761.751,1697265.287,61795.321,25880.046,69352.886
2094,235635.502,178991.318,889394.879,60216.315,62569.998,1696501.385,61141.18,25624.23,69304.817
2095,241171.01,177876.962,881413.393,60096.979,62380.268,1695750.052,60492.198,25368.22,69255.524
2096,246829.02,176772.33,873480.038,59977.311,62191.921,1695005.044,59848.593,25112.359,69204.741
2097,252610.268,175676.726,865596.68,59857.48,62004.102,1694258.033,59210.641,24857.131,69152.215
2098,258515.112,174589.21,857764.737,59737.68,61815.826,1693498.563,58578.747,24603.052,69097.548
2099,264543.6,173508.592,849985.256,59618.05,61625.947,1692714.116,57953.345,24350.757,69040.252
2100,270695.409,172433.451,842258.917,59498.763,61433.16,1691890.075,57335.009,24100.985,68979.786
2020,38928.341,212559.409,1439323.774,65273.512,83783.945,1380004.385,126476.458,46754.783,67886.004
2021,39540.683,214393.462,1446757.893,65419.391,83932.161,1393991.22,126263.669,46827.79,68176.304
2022,40044.406,216319.072,1454586.002,65567.364,83958.057,1408045.026,126097.203,46917.674,68421.961
2023,40481.989,218283.245,1462423.105,65712.807,83892.013,1422094.437,125945.714,47012.711,68630.793
2024,40913.375,220210.405,1469731.256,65847.968,83782.086,1436030.856,125763.601,47097.26,68814.526
2025,41383.033,222044.107,1476114.907,65967.29,83663.882,1449768.732,125517.656,47159.846,68981.915
2026,41905.896,223766.073,1481438.398,66069.901,83544.975,1463279.799,125198.293,47195.689,69135.793
2027,42473.378,225386.502,1485787.647,66158.118,83415.244,1476566.962,124814.825,47206.85,69274.229
2028,43077.778,226911.886,1489260.811,66233.304,83271.964,1489610.884,124375.844,47197.108,69395.673
2029,43702.757,228358.517,1492043.056,66297.655,83107.925,1502397.406,123896.878,47173.329,69496.921
2030,44336.183,229738.257,1494274.139,66352.822,82918.18,1514909.721,123389.8,47140.609,69576.021
2031,44977.99,231049.25,1495967.858,66399.085,82704.5,1527131.07,122856.339,47099.293,69633.538
2032,45633.655,232284.293,1497078.8,66435.865,82471.372,1539035.29,122293.664,47047.548,69671.897
2033,46302.237,233444.52,1497625.162,66462.811,82219.387,1550586.478,121704.396,46985.875,69693.089
2034,46982.853,234531.663,1497622.152,66479.325,81948.965,1561743.82,121091.057,46914.599,69699.695
2035,47674.011,235547.587,1497089.646,66485.046,81660.676,1572475.99,120456.288,46834.016,69693.954
2036,48374.066,236493.695,1496053.206,66480.188,81355.696,1582770.327,119802.747,46744.561,69676.975
2037,49079.975,237371.853,1494546.668,66465.119,81035.053,1592624.839,119133.338,46646.592,69649.677
2038,49787.095,238185.217,1492608.907,66439.715,80699.163,1602034.442,118451.344,46540.157,69613.803
2039,50489.824,238937.467,1490283.319,66403.778,80348.261,1610998.663,117760.215,46425.171,69571.263
2040,51183.282,239632.078,1487610.596,66357.355,79983.036,1619521.622,117063.151,46301.561,69523.615
2041,51865.229,240271.753,1484618.834,66300.757,79604.841,1627602.4,116362.739,46169.667,69472.057
2042,52533.592,240858.914,1481336.918,66234.682,79215.568,1635252.038,115661.408,46029.617,69417.287
2043,53183.926,241396.558,1477807.008,66160.113,78817.177,1642503.577,114961.931,45881.018,69359.772
2044,53811.386,241887.772,1474074.302,66078.235,78411.922,1649400.593,114267.062,45723.284,69299.712
2045,54412.339,242335.571,1470177.314,65990.221,78002.148,1655979.618,113579.324,45556.114,69237.337
2046,54984.733,242742.238,1466145.187,65896.737,77589.396,1662255.254,112900.396,45379.776,69173.184
2047,55528.431,243110.562,1461996.807,65798.514,77175.931,1668236.329,112232.029,45194.822,69107.796
2048,56044.459,243444.676,1457746.509,65696.957,76765.846,1673946.557,111576.7,45001.651,69041.543
2049,56534.984,243749.215,1453402.983,65593.564,76363.956,1679410.83,110937.085,44800.735,68974.685
2050,57001.929,244027.946,1448975.946,65489.635,75974.22,1684648.631,110315.019,44592.735,68907.461
2051,57445.574,244282.841,1444483.743,65386.062,75598.298,1689672.834,109711.648,44378.072,68840.05
2052,57866.244,244514.937,1439943.559,65283.401,75237.163,1694488.087,109126.945,44157.588,68772.584
2053,58266.244,244725.686,1435361.484,65182.226,74892.892,1699093.985,108560.177,43932.993,68705.147
2054,58648.415,244916.184,1430740.211,65083.08,74567.471,1703485.1,108009.894,43706.283,68637.757
2055,59015.191,245087.02,1426085.342,64986.383,74262.095,1707656.443,107474.741,43479.175,68570.386
2056,59367.588,245239.515,1421407.024,64892.682,73977.65,1711611.467,106954.835,43252.644,68503.118
2057,59706.422,245373.489,1416720.834,64802.405,73713.554,1715351.102,106449.721,43027.205,68435.885
2058,60033.614,245486.076,1412044.29,64715.848,73467.596,1718863.867,105956.684,42803.556,68368.162
2059,60351.309,245573.145,1407397.308,64633.194,73236.429,1722134.063,105472.273,42582.252,68299.304
2060,60661.048,245631.67,1402797.473,64554.618,73017.23,1725150.055,104993.947,42363.828,68228.789
2061,60963.572,245661.573,1398257.912,64480.283,72809.184,1727911.349,104520.974,42149.129,68156.609
2062,61258.893,245663.851,1393788.411,64410.404,72611.604,1730420.615,104053.824,41938.798,68082.898
2063,61546.698,245637.958,1389398.966,64345.163,72421.83,1732673.687,103592.784,41732.911,68007.513
2064,61826.273,245583.483,1385098.363,64284.717,72236.822,1734666.347,103138.595,41531.312,67930.343
2065,62096.835,245500.676,1380895.7,64229.173,72054.176,1736398.063,102692.119,41334.109,67851.456
2066,62358.299,245390.209,1376802.624,64178.558,71872.771,1737872.749,102253.535,41141.634,67770.948
2067,62610.097,245253.94,1372830.356,64132.787,71692.353,1739099.433,101823.518,40954.755,67689.231
2068,62850.23,245095.148,1368986.794,64091.59,71512.53,1740090.255,101404.253,40774.73,67606.866
2069,63076.135,244917.992,1365278.912,64054.594,71333.236,1740860.676,100998.569,40603.102,67524.583
2070,63285.76,244726.331,1361714.929,64021.46,71154.613,1741426.726,100608.746,40441.094,67443.091
2071,63478.446,244522.44,1358300.216,63992.054,70976.595,1741799.675,100235.753,40289.17,67362.815
2072,63653.976,244308.534,1355045.954,63966.24,70799.506,1741993.893,99880.103,40147.588,67284.235
2073,63811.234,244088.491,1351972.669,63943.669,70624.587,1742033.215,99543.143,40017.094,67208.308
2074,63949.118,243866.547,1349104.906,63923.985,70453.507,1741945.167,99226.244,39898.509,67136.097
2075,64066.92,243646.474,1346460.937,63906.836,70287.775,1741754.499,98930.398,39792.293,67068.54
2076,64164.555,243430.704,1344045.418,63891.989,70128.037,1741476.837,98656.368,39698.677,67006.023
2077,64242.471,243221.336,1341856.465,63879.316,69975.069,1741126.004,98404.303,39617.397,66948.921
2078,64301.469,243021.279,1339896.367,63868.778,69830.787,1740722.544,98173.672,39547.697,66897.904
2079,64342.718,242833.474,1338165.035,63860.341,69697.398,1740287.628,97963.55,39488.537,66853.717
2080,64367.454,242660.305,1336658.759,63853.983,69576.704,1739839.358,97773.179,39438.932,66816.832
2081,64376.517,242503.264,1335373.995,63849.526,69469.394,1739390.662,97602.193,39398.459,66787.428
2082,64371.08,242363.282,1334299.706,63846.766,69375.743,1738950.804,97450.589,39366.676,66765.357
2083,64353.311,242241.148,1333413.585,63845.565,69296.605,1738528.62,97318.281,39342.551,66750.435
2084,64325.758,242137.304,1332687.054,63845.786,69232.746,1738130.898,97205.201,39324.883,66742.295
2085,64290.767,242051.84,1332094.23,63847.269,69184.541,1737763.068,97111.134,39312.627,66740.477
2086,64249.739,241984.946,1331621.5,63849.896,69151.975,1737431.028,97035.43,39305.089,66744.724
2087,64203.993,241936.174,1331255.632,63853.484,69134.458,1737138.282,96977.218,39301.789,66754.505
2088,64155.695,241903.997,1330971.13,63857.614,69130.931,1736883.761,96935.568,39302.112,66768.747
2089,64107.181,241886.332,1330739.62,63861.833,69139.864,1736663.936,96909.467,39305.503,66786.092
2090,64060.422,241881.182,1330537.184,63865.775,69159.738,1736475.392,96897.755,39311.454,66805.351
2091,64016.846,241886.954,1330346.732,63869.238,69189.125,1736315.766,96899.231,39319.496,66825.65
2092,63977.448,241902.295,1330157.218,63872.166,69226.691,1736183.436,96912.614,39329.18,66846.369
2093,63942.879,241925.967,1329961.521,63874.593,69271.013,1736076.758,96936.538,39340.136,66867.04
2094,63913.63,241956.567,1329754.196,63876.574,69320.494,1735993.214,96969.534,39352.009,66887.176
2095,63890.22,241992.347,1329529.302,63878.176,69373.27,1735928.67,97009.971,39364.509,66906.207
2096,63873.161,242031.087,1329279.645,63879.412,69427.131,1735877.07,97056.147,39377.407,66923.342
2097,63863.084,242070.143,1328996.384,63880.223,69479.536,1735830.264,97106.189,39390.491,66937.652
2098,63860.69,242106.363,1328668.848,63880.529,69527.54,1735777.989,97158.099,39403.639,66947.981
2099,63866.744,242136.122,1328284.693,63880.182,69567.881,1735707.953,97209.741,39416.761,66952.997
2100,63882.117,242155.324,1327829.952,63878.986,69596.917,1735605.716,97258.868,39429.806,66951.174
2020,38928.341,212559.409,1439323.774,65273.512,83783.945,1380004.385,126476.458,46754.783,67886.004
2025,43531.523,219020.908,1457908.248,66050.606,83515.017,1445011.62,123975.981,46577.097,69273.64
2030,48093.576,223852.116,1464340.15,66695.705,83135.643,1503642.327,120758.056,46230.147,70485.483
2035,52587.415,227183.587,1461083.03,67229.46,82650.083,1553723.81,117166.138,45780.172,71548.756
2040,56912.008,229058.886,1449031.42,67570.922,82003.619,1592691.52,113356.481,45224.89,72486.896
2045,60974.108,229604.529,1429312.245,67677.388,81148.064,1620619.203,109529.352,44536.591,73346.419
2050,64682.976,228980.4,1402405.167,67586.729,80103.973,1639176.036,105804.023,43637.408,74081.983
2055,67992.198,227236.82,1369594.143,67367.707,78999.412,1649297.977,102134.984,42459.997,74641.527
2060,70844.694,224411.614,1333030.632,67083.084,77961.681,1651018.523,98325.804,41045.963,75060.473
2065,73185.287,220579.947,1295284.575,66806.693,77115.62,1644308.538,94366.259,39520.069,75428.318
2070,74975.404,215858.439,1258054.223,66595.928,76466.617,1629325.556,90472.359,38027.233,75815.114
2075,76199.343,210433.012,1221580.153,66435.721,75914.138,1607268.682,86926.934,36725.384,76194.677
2080,76870.229,204530.517,1185891.297,66294.653,75401.661,1580043.792,83924.568,35720.274,76534.815
2085,77016.262,198435.852,1151799.204,66124.611,75000.64,1549223.739,81338.411,34986.925,76858.558
2090,76692.976,192347.34,1120466.928,65938.023,74769.673,1516335.379,79047.116,34389.123,77220.082
2095,75974.263,186402.101,1092115.201,65738.226,74702.829,1482011.297,76939.124,33810.797,77629.889
2100,74937.961,180682.762,1064993.457,65497.773,74740.596,1447025.612,74959.378,33209.856,78053.263
2020,38928.341,212559.409,1439323.774,65273.512,83783.945,1380004.385,126476.458,46754.783,67886.004
2025,44068.68,220799.102,1465565.723,66340.942,83976.647,1458095.523,124622.867,46790.291,69621.929
2030,49445.253,227909.521,1481795.176,67305.443,84048.206,1531889.325,122091.777,46668.558,71186.74
2035,54997.405,233668.73,1487877.934,68227.025,83995.914,1599497.951,119216.117,46465.529,72624.551
2040,60561.098,237975.009,1485059.27,69003.77,83797.485,1657242.612,116069.878,46184.891,73952.341
2045,66077.652,240925.869,1475984.345,69496.474,83411.443,1706140.066,112861.772,45789.327,75211.094
2050,71449.858,243033.005,1458979.903,69797.5,82815.667,1748019.941,109693.35,45194.276,76360.681
2055,76729.316,244292.995,1436410.1,70057.078,82260.908,1785094.831,106682.383,44298.425,77370.101
2060,81847.436,244683.212,1409753.049,70275.716,81751.02,1816852.229,103575.743,43170.005,78318.642
2065,86608.038,244540.86,1381625.574,70583.909,81413.226,1842719.988,100296.969,41934.933,79232.706
2070,91102.812,243283.669,1354550.736,70973.157,81353.337,1858751.318,97147.267,40688.114,80205.157
2075,94920.737,241416.088,1328824.009,71493.756,81486.257,1871838.471,94162.561,39627.827,81228.371
2080,98198.787,238491.786,1303651.113,72015.753,81620.36,1876126.989,91761.624,38883.587,82281.927
2085,101266.616,235485.995,1280900.988,72527.028,81901.459,1877350.937,89755.306,38408.58,83356.997
2090,103594.21,232553.236,1261279.476,73060.568,82375.949,1878730.664,88269.011,38136.919,84423.984
2095,105648.271,229548.765,1246088.02,73708.236,83092.209,1877858.993,87012.984,37938.907,85584.976
2100,107403.725,227054.677,1232016.998,74402.801,84057.455,1872956.394,85926.924,37711.396,86806.295
2020,38928.341,212559.409,1439323.774,65273.512,83783.945,1380004.385,126476.458,46754.783,67886.004
2025,43004.269,217284.851,1450932.847,65748.83,83035.389,1431707.563,123325.211,46361.737,68914.782
2030,46646.549,219978.986,1448028.393,66072.62,82168.855,1474361.835,119395.423,45790.635,69728.122
2035,49936.774,220834.508,1436325.2,66236.246,81190.05,1504986.136,115133.205,45084.161,70380.245
2040,52844.189,220030.797,1415243.594,66222.8,80056.863,1524051.147,110594.38,44269.404,70888.864
2045,55450.562,217648.603,1384807.559,65905.923,78747.831,1531348.631,106170.199,43284.812,71335.622
2050,57635.247,213841.532,1346596.759,65387.936,77221.806,1525634.346,101768.793,42094.7,71608.273
2055,59247.045,208885.866,1301291.216,64744.6,75653.082,1508666.762,97384.502,40605.016,71752.379
2060,60301.676,202668.655,1254728.88,63989.594,74164.075,1481199.843,92882.291,38875.945,71700.293
2065,60749.014,195653.024,1208137.451,63215.997,72832.618,1444201.411,88166.029,37036.228,71535.323
2070,60691.974,187677.141,1161460.995,62525.956,71683.986,1400943.422,83603.338,35220.266,71403.864
2075,59991.179,179038.109,1115806.897,61834.58,70576.501,1350031.812,79320.745,33623.203,71214.972
2080,58794.35,169460.111,1069984.742,61082.072,69449.349,1292639.157,75614.71,32354.345,70875.613
2085,57124.77,159879.449,1026418.851,60339.03,68338.815,1234787.018,72215.3,31278.713,70591.375
2090,54991.905,150493.538,984834.204,59541.155,67479.814,1174658.686,69226.305,30310.485,70304.663
2095,52642.115,141342.278,946212.147,58677.679,66701.18,1113877.709,66360.171,29351.426,70031.207
2100,50216.628,132832.072,908402.636,57742.816,66032.602,1056039.843,63591.852,28381.439,69763.186
2020,38928.341,212559.409,1439323.774,65273.512,83783.945,1380004.385,126476.458,46754.783,67886.004
2025,44331.51,221698.389,1469691.34,66503.086,84211.298,1464694.568,124968.989,46904.772,69804.425
2030,50133.547,229596.233,1490522.698,67635.277,84472.301,1547324.55,122803.759,46908.017,71567.917
2035,56198.22,236352.738,1501249.8,68716.632,84679.761,1624167.066,120273.311,46838.638,73225.049
2040,62355.62,241879.046,1504362.601,69727.974,84711.413,1691933.017,117463.059,46710.01,74745.638
2045,68538.589,246059.421,1499285.511,70481.838,84619.095,1752876.607,114645.919,46446.56,76228.834
2050,74847.617,249301.602,1488663.592,71022.141,84284.972,1808093.418,111711.588,45988.348,77618.404
2055,81150.365,251744.101,1471511.262,71534.646,84015.482,1863266.153,108957.11,45257.863,78998.106
2060,87535.853,253512.924,1451193.356,72135.772,83820.768,1915260.904,106207.925,44309.935,80243.978
2065,93713.051,254429.386,1428614.768,72839.635,83868.432,1961802.67,103338.308,43204.713,81480.195
2070,99463.46,255199.362,1408520.847,73615.348,84236.012,2003222.517,100536.676,42134.277,82871.756
2075,104966.585,254647.801,1388374.276,74615.648,84796.551,2036638.893,97999.376,41211.845,84374.268
2080,110271.661,253316.032,1371262.521,75608.232,85392.496,2061877.282,95991.56,40572.533,85880.485
2085,115109.09,252113.931,1357411.106,76671.124,86118.172,2098010.471,94560.305,40225.816,87566.625
2090,119553.369,251517.062,1347655.438,77727.864,87083.069,2130595.061,93566.718,40117.975,89147.764
2095,124145.617,250531.805,1341215.356,79065.166,88380.113,2157257.508,92902.129,40091.36,90962.927
2100,127925.989,250662.098,1339622.914,80470.4,89862.541,2181573.578,92354.677,40169.377,93082.699
2020,38928.341,212559.409,1439323.774,65273.512,83783.945,1380004.385,126476.458,46754.783,67886.004
2025,42712.216,216384.995,1447609.478,65575.213,82763.125,1424424.123,122972.72,46252.715,68712.316
2030,45883.014,218109.851,1440582.04,65732.404,81625.123,1457805.89,118707.472,45559.751,69317.138
2035,48499.805,217767.965,1423672.172,65721.481,80376.51,1478752.498,114031.786,44701.794,69731.631
2040,50782.429,215606.614,1397296.854,65455.607,78977.489,1488142.05,109099.082,43717.202,70021.254
2045,52739.327,211764.166,1361444.52,64922.119,77414.975,1484198.78,104285.157,42571.855,70203.189
2050,54238.872,206778.065,1317717.186,64165.112,75646.39,1468134.265,99575.509,41225.482,70264.99
2055,54998.812,200382.348,1266798.025,63306.296,73891.182,1440110.27,94852.532,39557.295,70128.936
2060,55352.04,192734.801,1213327.543,62266.241,72136.261,1400644.878,89888.291,37717.013,69861.571
2065,54898.051,184071.755,1159830.533,61230.431,70549.505,1351917.947,84793.436,35696.056,69495.45
2070,54032.157,174676.014,1106299.978,60224.543,69118.27,1293460.687,79811.601,33651.863,69019.865
2075,52643.172,164775.015,1054114.553,59294.81,67632.475,1231211.143,75071.41,31797.22,68463.398
2080,50860.75,153827.257,1005477.971,58238.069,66173.565,1163875.157,70914,30327.24,67912.16
2085,48589.929,143366.76,955037.366,57159.132,64752.69,1094225.75,67044.618,29106.204,67344.821
2090,45767.863,132861.643,907470.627,55969.4,63406.456,1024908.117,63558.708,27916.663,66627.424
2095,42808.113,122707.156,863197.735,54866.391,62219.813,955405.239,60276.711,26741.018,65827.758
2100,39902.101,113027.738,820154.565,53691.397,61219.027,886945.125,56915.717,25488.423,65131.043
