year,GOOG,GME,AAPL,FB,AMC,NOK,PLTR,EXPR,AMZN
3/8/2016,693.969971,30.120001,25.2575,105.93,28.389999,5.91,9.5,19.040001,560.26001
3/9/2016,705.23999,31.290001,25.280001,107.510002,28.440001,5.92,9.46,19.66,559.469971
3/10/2016,712.820007,30.440001,25.2925,107.32,28.950001,5.94,9.2,20.450001,558.929993
3/11/2016,726.820007,30.75,25.565001,109.410004,29.540001,6.01,9.03,20.85,569.609985
3/14/2016,730.48999,31.66,25.629999,109.889999,29.389999,6.05,9.9,20.959999,573.369995
3/15/2016,728.330017,30.780001,26.145,110.669998,28.879999,6.01,10,20.709999,577.02002
3/16/2016,736.090027,31.91,26.4925,112.18,29,6.11,10,20.68,574.27002
3/17/2016,737.780029,31.360001,26.450001,111.019997,28.98,6.07,9.95,21.09,559.440002
3/18/2016,737.599976,30.83,26.48,111.449997,29.41,6.08,9.89,21.110001,552.080017
3/21/2016,742.090027,30.85,26.477501,111.849998,28.85,6.03,9.47,21.16,553.97998
3/22/2016,740.75,30.18,26.68,112.25,28.35,6.06,9.34,21.01,560.47998
3/23/2016,738.059998,30.370001,26.532499,112.540001,27.969999,5.87,9.91,20.790001,569.630005
3/24/2016,735.299988,30.27,26.4175,113.050003,28.059999,5.78,9.71,20.68,582.950012
3/28/2016,733.530029,30.09,26.297501,113.690002,28.73,5.81,9.57,20.77,579.869995
3/29/2016,744.77002,31.51,26.92,116.139999,28.950001,5.89,9.27,21.139999,593.859985
3/30/2016,750.530029,31.76,27.389999,114.699997,28.360001,6.03,9.2,21.15,598.690002
3/31/2016,744.950012,31.73,27.247499,114.099998,27.99,5.91,9.68,21.41,593.640015
4/1/2016,749.909973,31.34,27.497499,116.059998,28.639999,5.8,9.49,21.389999,598.5
4/4/2016,745.289978,30.93,27.780001,112.550003,27.83,5.83,9.95,20.969999,593.190002
4/5/2016,737.799988,30.290001,27.452499,112.220001,27.52,5.74,10.95,20.68,586.140015
4/6/2016,745.690002,30.09,27.74,113.709999,28.120001,5.85,10.85,20.65,602.080017
4/7/2016,740.280029,29.120001,27.135,113.639999,27.299999,5.74,10.75,20.16,591.429993
4/8/2016,739.150024,29.49,27.165001,110.629997,27.360001,6.01,10.13,19.84,594.599976
4/11/2016,736.099976,29.879999,27.254999,108.989998,26.950001,5.91,10.54,19.809999,595.929993
4/12/2016,743.090027,30.09,27.610001,110.610001,27.389999,5.86,10.5,19.59,603.169983
4/13/2016,751.719971,31.469999,28.01,110.510002,28.16,6.07,10.72,20.129999,614.820007
4/14/2016,753.200012,31.65,28.025,110.839996,27.860001,6.17,11.88,19.5,620.75
4/15/2016,759,31.790001,27.4625,109.639999,27.57,6.12,13.83,19.540001,625.890015
4/18/2016,766.609985,32.209999,26.870001,110.449997,28.219999,6.13,14.67,20.01,635.349976
4/19/2016,753.929993,32.450001,26.727501,112.290001,27.75,6.25,14,19.719999,627.900024
4/20/2016,752.669983,32.889999,26.782499,112.419998,27.77,6.15,15.96,19.5,632.98999
4/21/2016,759.140015,32.310001,26.4925,113.440002,27.459999,6.05,14.58,19,631
4/22/2016,718.77002,32.799999,26.42,110.559998,27.459999,6.08,15.8,19.309999,620.5
4/25/2016,723.150024,32.799999,26.27,110.099998,26.99,5.92,15.93,18.309999,626.200012
4/26/2016,708.140015,33.32,26.0875,108.760002,27.42,5.91,17.85,18.629999,616.880005
4/27/2016,705.840027,33.380001,24.455,108.889999,28.01,5.97,17.9,18.82,606.570007
4/28/2016,691.02002,32.900002,23.7075,116.730003,28.23,5.92,18.98,18.24,602
4/29/2016,693.01001,32.799999,23.434999,117.580002,28.18,5.87,18.15,18.18,659.590027
5/2/2016,698.210022,32.360001,23.41,118.57,28.889999,5.93,21.040001,18.01,683.849976
5/3/2016,692.359985,31.299999,23.795,117.43,28.530001,5.82,23.82,17.809999,671.320007
5/4/2016,695.700012,30.74,23.547501,118.059998,28.76,5.76,29.049999,17.77,670.900024
5/5/2016,701.429993,30.110001,23.309999,117.809998,28.870001,5.69,27.66,17.379999,659.090027
5/6/2016,711.119995,30.09,23.18,119.489998,29.15,5.67,27.110001,17.57,673.950012
5/9/2016,712.900024,30.190001,23.1975,119.239998,29.15,5.69,25.67,17.75,679.75
5/10/2016,723.179993,30.52,23.355,120.5,29.93,5.31,22.51,17.450001,703.070007
5/11/2016,715.289978,29.200001,23.127501,119.519997,29.65,5.28,24.030001,16.629999,713.22998
5/12/2016,713.309998,29.1,22.584999,120.279999,29.23,5.18,23.85,16.67,717.929993
5/13/2016,710.830017,28.73,22.629999,119.809998,29.309999,5.18,28.940001,16.23,709.919983
5/16/2016,716.48999,29.02,23.469999,118.669998,29.33,5.21,28.59,16.469999,710.659973
5/17/2016,706.22998,28.459999,23.372499,117.349998,29.309999,5.11,26.629999,15.96,695.27002
5/18/2016,706.630005,28.030001,23.639999,117.650002,28.9,5.21,27.040001,15.57,697.450012
5/19/2016,700.320007,28.549999,23.549999,116.809998,28.030001,5.17,27.200001,16.17,698.52002
5/20/2016,709.73999,28.48,23.805,117.349998,28.23,5.21,27.24,16.139999,702.799988
5/23/2016,704.23999,28.469999,24.1075,115.970001,28.15,5.22,26.43,16.290001,696.75
5/24/2016,720.090027,28.700001,24.475,117.699997,28.66,5.36,25.92,16.030001,704.200012
5/25/2016,725.27002,29.73,24.905001,117.889999,28.48,5.58,27.23,14.68,708.349976
5/26/2016,724.119995,29.98,25.102501,119.470001,28.530001,5.6,25.969999,14.4,714.909973
5/27/2016,732.659973,28.799999,25.0875,119.379997,29.120001,5.6,28.51,14.48,712.23999
5/31/2016,735.719971,29.1,24.965,118.809998,28.74,5.7,28.040001,14.54,722.789978
6/1/2016,734.150024,28.950001,24.615,118.779999,28.93,5.67,28.690001,14.67,719.440002
6/2/2016,730.400024,28.889999,24.43,118.93,28.99,5.66,27.75,14.69,728.23999
6/3/2016,722.340027,28.629999,24.48,118.470001,28.58,5.69,25.629999,14.77,725.539978
6/6/2016,716.549988,28.469999,24.657499,118.790001,28.190001,5.66,24.66,14.72,726.72998
6/7/2016,716.650024,28.459999,24.7575,117.760002,27.91,5.7,25.1,14.87,723.73999
6/8/2016,728.280029,28.23,24.735001,118.389999,27.9,5.74,23.549999,15.04,726.640015
6/9/2016,728.580017,27.27,24.9125,118.559998,27.82,5.68,23.370001,14.68,727.650024
6/10/2016,719.409973,26.530001,24.7075,116.620003,26.940001,5.61,24.6,14.43,717.909973
6/13/2016,718.359985,26.030001,24.334999,113.949997,26.530001,5.66,23.540001,14.28,715.23999
6/14/2016,718.27002,25.73,24.365,114.940002,26.58,5.57,25,14.08,719.299988
6/15/2016,718.919983,26.129999,24.285,114.599998,26.860001,5.62,25.200001,14.38,714.26001
6/16/2016,710.359985,25.93,24.387501,114.389999,27.23,5.49,25.93,14.23,717.51001
6/17/2016,691.719971,26.15,23.8325,113.019997,27.049999,5.52,26.18,14.31,706.390015
6/20/2016,693.710022,26.4,23.775,113.370003,27.4,5.56,25.5,14.52,714.01001
6/21/2016,695.940002,25.84,23.977501,114.379997,27.1,5.59,24.92,14.42,715.820007
6/22/2016,697.460022,26,23.887501,113.910004,26.93,5.58,25.639999,14.58,710.599976
6/23/2016,701.869995,26.33,24.025,115.080002,27.24,5.7,26.620001,14.5,722.080017
6/24/2016,675.219971,25.34,23.35,112.080002,26.940001,5.21,26.34,14.26,698.960022
6/27/2016,668.26001,25.5,23.01,108.970001,26.02,5.08,25.98,14.18,691.359985
6/28/2016,680.039978,26.049999,23.397499,112.699997,26.51,5.36,32.580002,14.17,707.950012
6/29/2016,684.109985,26.41,23.6,114.160004,27.42,5.54,36.23,14.31,715.599976
6/30/2016,692.099976,26.58,23.9,114.279999,27.610001,5.69,35.369999,14.51,715.619995
7/1/2016,699.210022,27.059999,23.9725,114.190002,28.190001,5.66,39,14.59,725.679993
7/5/2016,694.950012,26.299999,23.747499,114.199997,27.41,5.37,35.66,14.11,728.099976
7/6/2016,697.77002,26.469999,23.8825,116.699997,27.110001,5.34,35.18,14.25,737.609985
7/7/2016,695.359985,26.33,23.985001,115.849998,27.59,5.33,33.959999,14.02,736.570007
7/8/2016,705.630005,27.370001,24.17,117.239998,27.59,5.45,31.02,14.38,745.809998
7/11/2016,715.090027,28.450001,24.245001,117.870003,27.77,5.56,31.76,14.47,753.780029
7/12/2016,720.640015,28.74,24.355,117.93,29.799999,5.59,32.049999,14.58,748.210022
7/13/2016,716.97998,28.85,24.217501,116.779999,30.629999,5.89,34.049999,14.32,742.630005
7/14/2016,720.950012,28.620001,24.6975,117.290001,30.6,5.93,36.049999,14.45,741.200012
7/15/2016,719.849976,27.99,24.695,116.860001,30.629999,5.92,38.169998,14.36,735.440002
7/18/2016,733.780029,30.190001,24.9575,119.370003,30.559999,5.85,35.700001,14.48,736.070007
7/19/2016,736.960022,30.190001,24.967501,120.610001,30.49,5.71,33.110001,14.44,739.950012
7/20/2016,741.190002,31.120001,24.99,121.919998,30.059999,5.82,31.91,14.62,745.719971
7/21/2016,738.630005,31.01,24.8575,120.610001,30.08,5.82,27.84,14.36,744.429993
7/22/2016,742.73999,30.809999,24.665001,121,30.6,5.86,27.08,14.24,744.859985
7/25/2016,739.77002,30.879999,24.334999,121.629997,29.92,5.81,25.17,14.59,739.609985
7/26/2016,738.419983,31.25,24.1675,121.220001,29.940001,5.77,29,14.97,735.590027
7/27/2016,741.77002,31.32,25.737499,123.339996,29.26,5.86,28,15.04,736.669983
7/28/2016,745.909973,31.17,26.084999,125,29.530001,5.75,26.75,14.92,752.609985
7/29/2016,768.789978,30.950001,26.0525,123.940002,29.42,5.77,26.389999,14.96,758.809998
8/1/2016,772.880005,30.35,26.512501,124.309998,28.459999,5.66,23.959999,14.92,767.73999
8/2/2016,771.070007,29.24,26.120001,123.089996,27.83,5.61,23.9,14.34,760.580017
8/3/2016,773.179993,29.639999,26.4475,122.510002,28.23,5.69,24.809999,14.36,754.640015
8/4/2016,771.609985,29.66,26.467501,124.360001,28.66,5.5,24.48,14.48,760.77002
8/5/2016,782.219971,30.040001,26.870001,125.150002,29.030001,5.47,23.59,14.93,765.97998
8/8/2016,781.76001,29.790001,27.092501,125.260002,28.92,5.51,24.73,15.33,766.559998
8/9/2016,784.26001,29.629999,27.202499,125.059998,28.870001,5.65,23.950001,14.58,768.309998
8/10/2016,784.679993,30.15,27,124.879997,29.4,5.69,,14.44,768.559998
8/11/2016,784.849976,31.110001,26.9825,124.900002,29.65,5.7,,15.1,771.23999
8/12/2016,783.219971,31.35,27.045,124.879997,29.799999,5.74,,14.96,772.559998
8/15/2016,782.440002,31.73,27.370001,123.900002,29.709999,5.8,,15.28,768.48999
8/16/2016,777.140015,31.17,27.344999,123.300003,29.75,5.78,,15.37,764.039978
8/17/2016,779.909973,30.82,27.305,124.370003,29.66,5.69,,15.76,764.630005
8/18/2016,777.5,31.17,27.27,123.910004,30.09,5.75,,16.110001,764.460022
8/19/2016,775.419983,31.719999,27.34,123.559998,29.91,5.67,,16.209999,757.309998
8/22/2016,772.150024,31.459999,27.127501,124.150002,29.66,5.65,,15.75,759.47998
8/23/2016,772.080017,32.09,27.2125,124.370003,29.75,5.71,,16.030001,762.450012
8/24/2016,769.640015,31.709999,27.0075,123.480003,30.1,5.75,,11.94,757.25
8/25/2016,769.409973,32.16,26.8925,123.889999,30.16,5.7,,11.73,759.219971
8/26/2016,769.539978,28.74,26.735001,124.959999,29.629999,5.69,,11.44,769
8/29/2016,772.150024,28.969999,26.705,126.540001,29.790001,5.69,,12.01,771.289978
8/30/2016,769.090027,28.49,26.5,125.839996,29.82,5.74,,11.9,767.580017
8/31/2016,767.049988,28.389999,26.525,126.120003,30.41,5.67,,11.83,769.159973
9/1/2016,768.780029,28.030001,26.682501,126.169998,30.51,5.66,,11.75,770.619995
9/2/2016,771.460022,28.389999,26.932501,126.510002,30.5,5.76,,11.69,772.440002
9/6/2016,780.080017,28.370001,26.924999,129.729996,30.530001,5.74,,11.69,788.869995
9/7/2016,780.349976,28.129999,27.09,131.050003,30.99,5.87,,12,784.47998
9/8/2016,775.320007,27.780001,26.379999,130.270004,30.83,5.83,,12.14,784.059998
9/9/2016,759.659973,27.18,25.782499,127.099998,30.299999,5.7,,11.82,760.140015
9/12/2016,769.02002,27.040001,26.360001,128.690002,31,5.68,,12,771.48999
9/13/2016,759.690002,26.99,26.987499,127.209999,30.950001,5.6,,11.86,761.01001
9/14/2016,762.48999,27.030001,27.942499,127.769997,31,5.5,,11.84,761.090027
9/15/2016,771.76001,27.25,28.8925,128.350006,31.610001,5.56,,11.96,769.690002
9/16/2016,768.880005,27.09,28.73,129.070007,31.91,5.47,,12.26,778.52002
9/19/2016,765.700012,27.9,28.395,128.649994,31.84,5.51,,11.96,775.099976
9/20/2016,771.409973,27.719999,28.3925,128.639999,31.77,5.5,,11.49,780.219971
9/21/2016,776.219971,28.129999,28.387501,129.940002,31.5,5.58,,11.41,789.73999
9/22/2016,787.210022,28.27,28.655001,130.080002,31.66,5.74,,11.79,804.700012
9/23/2016,786.900024,28.190001,28.1775,127.959999,31.33,5.66,,12.06,805.75
9/26/2016,774.210022,27.639999,28.219999,127.309998,30.629999,5.62,,11.77,799.159973
9/27/2016,783.01001,27.43,28.272499,128.690002,31.32,5.71,,11.67,816.109985
9/28/2016,781.559998,27.49,28.487499,129.229996,31.309999,5.74,,11.71,828.719971
9/29/2016,775.01001,27.139999,28.045,128.089996,30.799999,5.72,,11.65,829.049988
9/30/2016,777.289978,27.59,28.262501,128.270004,31.09,5.79,,11.79,837.309998
10/3/2016,772.559998,27.780001,28.129999,128.770004,32.220001,5.75,,11.91,836.73999
10/4/2016,776.429993,27.129999,28.25,128.190002,31.629999,5.78,,11.92,834.030029
10/5/2016,776.469971,27.200001,28.262501,128.470001,31.940001,5.71,,12.29,844.359985
10/6/2016,776.859985,26.68,28.4725,128.740005,32.459999,5.54,,12.61,841.659973
10/7/2016,775.080017,26.68,28.514999,128.990005,32.240002,5.49,,13.01,839.429993
10/10/2016,785.940002,26.83,29.012501,130.240005,32.299999,5.53,,12.75,841.710022
10/11/2016,783.070007,26.049999,29.075001,128.880005,31.5,5.39,,12.55,831
10/12/2016,786.140015,26.120001,29.334999,129.050003,31.9,5.09,,12.61,834.090027
10/13/2016,778.190002,25.469999,29.245001,127.82,31.35,4.94,,12.33,829.280029
10/14/2016,778.530029,25.379999,29.407499,127.879997,31.75,4.95,,12.18,822.960022
10/17/2016,779.960022,24.700001,29.387501,127.540001,31.549999,4.97,,12.01,812.950012
10/18/2016,795.26001,24.82,29.3675,128.570007,31.6,5.02,,11.71,817.650024
10/19/2016,801.5,25,29.280001,130.110001,31.549999,4.98,,11.86,817.690002
10/20/2016,796.969971,25.110001,29.264999,130,31.6,5,,11.65,810.320007
10/21/2016,799.369995,25.01,29.15,132.070007,31.799999,4.92,,11.82,818.98999
10/24/2016,813.109985,25.139999,29.4125,133.279999,32.099998,4.97,,12.11,838.090027
10/25/2016,807.669983,24.75,29.5625,132.289993,31.6,4.97,,12.21,835.179993
10/26/2016,799.070007,24.77,28.897499,131.039993,31.700001,5.16,,12.25,822.590027
10/27/2016,795.349976,23.99,28.620001,129.690002,31.450001,4.73,,11.86,818.359985
10/28/2016,795.369995,23.9,28.43,131.289993,31.35,4.56,,11.97,776.320007
10/31/2016,784.539978,24.049999,28.385,130.990005,31.450001,4.48,,12.02,789.820007
11/1/2016,783.609985,23.559999,27.872499,129.5,30.700001,4.44,,11.84,785.409973
11/2/2016,768.700012,20.93,27.897499,127.169998,30.6,4.44,,11.95,765.559998
11/3/2016,762.130005,20.83,27.4575,120,30.799999,4.39,,11.75,767.030029
11/4/2016,762.02002,20.73,27.209999,120.75,31.299999,4.31,,12.17,755.049988
11/7/2016,782.52002,21.24,27.602501,122.150002,32.099998,4.44,,12.41,784.929993
11/8/2016,790.51001,20.91,27.764999,124.220001,32.25,4.44,,12.56,787.75
11/9/2016,785.309998,21.530001,27.719999,123.18,33.400002,4.45,,12.75,771.880005
11/10/2016,762.559998,21.870001,26.9475,120.800003,33.400002,4.49,,13.24,742.380005
11/11/2016,754.02002,22.32,27.1075,119.019997,34.5,4.42,,13.35,739.01001
11/14/2016,736.080017,22.99,26.4275,115.080002,34.5,4.31,,13.88,719.070007
11/15/2016,758.48999,22.65,26.7775,117.199997,34.549999,4.14,,14.01,743.23999
11/16/2016,764.47998,23.059999,27.497499,116.339996,34.5,4.12,,14.09,746.48999
11/17/2016,771.22998,23.459999,27.487499,117.790001,35.5,4.15,,14.19,756.400024
11/18/2016,760.539978,23.459999,27.514999,117.019997,35.049999,4.16,,13.64,760.159973
11/21/2016,769.200012,23.459999,27.932501,121.769997,34.75,4.17,,13.87,780
11/22/2016,768.27002,24.110001,27.950001,121.470001,34.700001,4.19,,13.94,785.330017
11/23/2016,760.98999,26.059999,27.807501,120.839996,34.900002,4.19,,13.8,780.119995
11/25/2016,761.679993,25.82,27.9475,120.379997,34.950001,4.33,,13.74,780.369995
11/28/2016,768.23999,25.15,27.8925,120.410004,33.900002,4.26,,13.86,766.77002
11/29/2016,770.840027,24.49,27.865,120.870003,34.549999,4.29,,13.48,762.52002
11/30/2016,758.039978,24.690001,27.629999,118.419998,33.950001,4.3,,13.36,750.570007
12/1/2016,747.919983,24.639999,27.372499,115.099998,33.5,4.25,,10.64,743.650024
12/2/2016,750.5,24.27,27.475,115.400002,32.25,4.23,,10.79,740.340027
12/5/2016,762.52002,24.52,27.2775,117.43,33.099998,4.51,,11.17,759.359985
12/6/2016,759.109985,24.889999,27.487499,117.309998,33.799999,4.57,,11.49,764.719971
12/7/2016,771.190002,25.940001,27.7575,117.949997,32.650002,4.7,,11.72,770.419983
12/8/2016,776.419983,25.969999,28.030001,118.910004,32.099998,4.58,,12.18,767.330017
12/9/2016,789.289978,26.02,28.487499,119.68,32.599998,4.62,,12.31,768.659973
12/12/2016,789.27002,26.42,28.325001,117.769997,32.349998,4.63,,12.06,760.119995
12/13/2016,796.099976,26.389999,28.797501,120.309998,32,4.74,,12.13,774.340027
12/14/2016,797.070007,25.280001,28.797501,120.209999,31.75,4.7,,11.92,768.820007
12/15/2016,797.849976,25.34,28.955,120.57,32,4.72,,11.67,761
12/16/2016,790.799988,25.42,28.9925,119.870003,31.9,4.88,,11.45,757.77002
12/19/2016,794.200012,25.9,29.16,119.239998,33.200001,4.89,,11.59,766
12/20/2016,796.419983,26.120001,29.237499,119.089996,33.450001,4.9,,11.73,771.219971
12/21/2016,794.559998,26.389999,29.264999,119.040001,34.700001,4.76,,11.57,770.599976
12/22/2016,791.26001,25.059999,29.0725,117.400002,35.099998,4.72,,11.02,766.340027
12/23/2016,789.909973,25.41,29.129999,117.269997,35.299999,4.88,,10.87,760.590027
12/27/2016,791.549988,25.950001,29.315001,118.010002,35.450001,4.91,,11.01,771.400024
12/28/2016,785.049988,25.27,29.190001,116.919998,34.549999,4.8,,10.93,772.130005
12/29/2016,782.789978,25.34,29.182501,116.349998,34.200001,4.83,,10.8,765.150024
12/30/2016,771.820007,25.26,28.955,115.050003,33.650002,4.81,,10.76,749.869995
1/3/2017,786.140015,25.370001,29.0375,116.860001,34.75,4.77,,10.58,753.669983
1/4/2017,786.900024,25.92,29.004999,118.690002,34.200001,4.84,,10.8,757.179993
1/5/2017,794.02002,25,29.1525,120.669998,34,4.9,,10.22,780.450012
1/6/2017,806.150024,24.52,29.477501,123.410004,33.799999,4.92,,10.05,795.98999
1/9/2017,806.650024,24.49,29.747499,124.900002,33.299999,4.83,,10.31,796.919983
1/10/2017,804.789978,24.639999,29.7775,124.349998,34.150002,4.84,,10.8,795.900024
1/11/2017,807.909973,24.610001,29.9375,126.089996,34.299999,4.78,,10.9,799.02002
1/12/2017,806.359985,24.719999,29.8125,126.620003,34,4.7,,10.76,813.640015
1/13/2017,807.880005,22.73,29.76,128.339996,34.25,4.75,,10.74,817.140015
1/17/2017,804.609985,23.34,30,127.870003,33.900002,4.74,,11,809.719971
1/18/2017,806.070007,23.49,29.997499,127.919998,33.799999,4.69,,10.97,807.47998
1/19/2017,802.174988,23.309999,29.945,127.550003,33.900002,4.74,,10.69,809.039978
1/20/2017,805.02002,23.58,30,127.040001,34.299999,4.76,,10.65,808.330017
1/23/2017,819.309998,23.93,30.02,128.929993,34.099998,4.68,,10.52,817.880005
1/24/2017,823.869995,23.870001,29.9925,129.369995,34.299999,4.67,,10.63,822.440002
1/25/2017,835.669983,24.17,30.469999,131.479996,34.150002,4.62,,10.89,836.52002
1/26/2017,832.150024,24.219999,30.485001,132.779999,34.25,4.72,,10.51,839.150024
1/27/2017,823.309998,24.309999,30.487499,132.179993,34,4.64,,10.14,835.77002
1/30/2017,802.320007,24.18,30.407499,130.979996,34.150002,4.54,,10.15,830.380005
1/31/2017,796.789978,24.49,30.3375,130.320007,33.75,4.52,,10.63,823.47998
2/1/2017,795.695007,24.299999,32.1875,133.229996,33,4.57,,10.46,832.349976
2/2/2017,798.530029,24.379999,32.1325,130.839996,33.049999,4.82,,10.52,839.950012
2/3/2017,801.48999,24.74,32.27,130.979996,32.900002,4.83,,10.58,810.200012
2/6/2017,801.340027,24.68,32.572498,132.059998,32.650002,4.75,,10.59,807.640015
2/7/2017,806.969971,24.629999,32.8825,131.839996,32.5,4.86,,10.39,812.5
2/8/2017,808.380005,24.790001,33.009998,134.199997,31.049999,4.88,,10.74,819.710022
2/9/2017,809.559998,25.389999,33.105,134.139999,31,4.89,,11.1,821.359985
2/10/2017,813.669983,25.66,33.029999,134.190002,31.35,4.88,,11.45,827.460022
2/13/2017,819.23999,25.370001,33.322498,134.050003,31.35,4.96,,11.2,836.530029
2/14/2017,820.450012,25.74,33.755001,133.850006,31.4,4.97,,11.64,836.390015
2/15/2017,818.97998,25.780001,33.877499,133.440002,31.5,5,,11.53,842.700012
2/16/2017,824.159973,25.42,33.837502,133.839996,31.25,5.07,,11.17,844.140015
2/17/2017,828.070007,25.57,33.93,133.529999,31.200001,5.05,,11.38,845.070007
2/21/2017,831.659973,26.219999,34.174999,133.720001,30.85,5.09,,11.57,856.440002
2/22/2017,830.76001,26.26,34.2775,136.119995,31.35,5.1,,11.4,855.609985
2/23/2017,831.330017,25.559999,34.1325,135.360001,31.35,5.15,,10.81,852.190002
2/24/2017,828.640015,26.280001,34.165001,135.440002,31.4,5.14,,10.98,845.23999
2/27/2017,829.280029,26.52,34.232498,136.410004,31.450001,5.18,,11.41,848.640015
2/28/2017,823.210022,24.440001,34.247501,135.539993,31.35,5.14,,11.24,845.039978
3/1/2017,835.23999,24.48,34.947498,137.419998,30.4,5.26,,10.83,853.080017
3/2/2017,830.630005,24.98,34.740002,136.759995,29.75,5.22,,11.19,848.909973
3/3/2017,829.080017,25.280001,34.945,137.169998,29.4,5.28,,10.93,849.880005
3/6/2017,827.780029,24.91,34.834999,137.419998,29.299999,5.28,,10.81,846.609985
3/7/2017,831.909973,24.67,34.880001,137.300003,29.450001,5.23,,10.67,846.02002
3/8/2017,835.369995,25,34.75,137.720001,29.549999,5.18,,9.51,850.5
3/9/2017,838.679993,25,34.669998,138.240005,29.549999,5.28,,9.5,853
3/10/2017,843.25,25.18,34.785,138.789993,30.15,5.37,,9.56,852.460022
3/13/2017,845.539978,24.190001,34.799999,139.600006,30.4,5.36,,9.42,854.590027
3/14/2017,845.619995,24.559999,34.747501,139.320007,30.549999,5.34,,9.45,852.530029
3/15/2017,847.200012,24.67,35.115002,139.720001,30.1,5.37,,9.49,852.969971
3/16/2017,848.780029,24.26,35.172501,139.990005,30.200001,5.45,,9.43,853.419983
3/17/2017,852.119995,24.639999,34.997501,139.839996,30.6,5.46,,9.43,852.309998
3/20/2017,848.400024,23.879999,35.365002,139.940002,30.6,5.54,,8.9,856.969971
3/21/2017,830.460022,24.01,34.959999,138.509995,30.15,5.4,,8.52,843.200012
3/22/2017,829.590027,24.09,35.355,139.589996,30.299999,5.39,,8.47,848.059998
3/23/2017,817.580017,23.959999,35.23,139.529999,30.200001,5.38,,8.65,847.380005
3/24/2017,814.429993,20.700001,35.16,140.339996,30.85,5.37,,8.54,845.609985
3/27/2017,819.51001,20.85,35.220001,140.320007,30.799999,5.46,,8.74,846.820007
3/28/2017,820.919983,21.719999,35.950001,141.759995,30.549999,5.4,,8.85,856
3/29/2017,831.409973,21.950001,36.029999,142.649994,30.950001,5.36,,9.2,874.320007
3/30/2017,831.5,22.459999,35.982498,142.410004,31.15,5.33,,9.3,876.340027
3/31/2017,829.559998,22.549999,35.915001,142.050003,31.450001,5.42,,9.11,886.539978
4/3/2017,838.549988,22,35.924999,142.279999,31.85,5.33,,8.77,891.51001
4/4/2017,834.570007,21.98,36.192501,141.729996,31.549999,5.36,,8.28,906.830017
4/5/2017,831.409973,21.76,36.005001,141.850006,31,5.18,,8.06,909.280029
4/6/2017,827.880005,21.84,35.915001,141.169998,30.799999,5.23,,8.39,898.280029
4/7/2017,824.669983,21.66,35.834999,140.779999,30.35,5.28,,8.34,894.880005
4/10/2017,824.72998,21.879999,35.7925,141.039993,30.65,5.31,,8.69,907.039978
4/11/2017,823.349976,22.110001,35.407501,139.919998,30.700001,5.27,,8.74,902.359985
4/12/2017,824.320007,22.07,35.450001,139.580002,30.299999,5.28,,8.47,896.22998
4/13/2017,823.559998,22.379999,35.262501,139.389999,30.200001,5.22,,8.2,884.669983
4/17/2017,837.169983,22.889999,35.4575,141.419998,30.700001,5.26,,8.19,901.98999
4/18/2017,836.820007,22.84,35.299999,140.960007,30.5,5.23,,7.96,903.780029
4/19/2017,838.210022,22.780001,35.169998,142.270004,30.4,5.17,,7.9,899.200012
4/20/2017,841.650024,23.190001,35.610001,143.800003,30.950001,5.27,,8.49,902.059998
4/21/2017,843.190002,23.190001,35.567501,143.679993,30.9,5.22,,8.5,898.530029
4/24/2017,862.76001,23.219999,35.91,145.470001,30.700001,5.38,,8.59,907.409973
4/25/2017,872.299988,23.4,36.1325,146.490005,31,5.43,,8.57,907.619995
4/26/2017,871.72998,23.65,35.919998,146.559998,31.200001,5.37,,8.81,909.289978
4/27/2017,874.25,23.1,35.947498,147.699997,30.700001,5.72,,8.82,918.380005
4/28/2017,905.960022,22.690001,35.912498,150.25,30.299999,5.73,,8.63,924.98999
5/1/2017,912.570007,22.780001,36.645,152.460007,29.799999,5.77,,8.66,948.22998
5/2/2017,916.440002,23.440001,36.877499,152.779999,30.049999,5.84,,8.89,946.940002
5/3/2017,927.039978,23.969999,36.764999,151.800003,30.1,5.88,,8.88,941.030029
5/4/2017,931.659973,23.57,36.6325,150.850006,29.4,6.03,,8.6,937.530029
5/5/2017,927.130005,24,37.240002,150.240005,29.1,6.18,,9.13,934.150024
5/8/2017,934.299988,24.379999,38.252499,151.059998,28.799999,6.13,,9,949.039978
5/9/2017,932.169983,24.49,38.497501,150.479996,28.9,6.18,,9.1,952.820007
5/10/2017,928.780029,24.950001,38.314999,150.289993,27.950001,6.14,,9.27,948.950012
5/11/2017,930.599976,24.35,38.487499,150.039993,27.5,6.12,,8.59,947.619995
5/12/2017,932.219971,24.030001,39.025002,150.330002,26.9,6.17,,8.17,961.349976
5/15/2017,937.080017,24.360001,38.924999,150.190002,26.450001,6.21,,8.13,957.969971
5/16/2017,943,24.469999,38.8675,149.779999,25.75,6.28,,7.94,966.070007
5/17/2017,919.619995,23.84,37.5625,144.850006,24.6,6.11,,7.67,944.76001
5/18/2017,930.23999,23.780001,38.134998,147.660004,24.5,6.11,,7.61,958.48999
5/19/2017,934.01001,24.219999,38.264999,148.059998,25.299999,6.18,,7.6,959.840027
5/22/2017,941.859985,24.049999,38.497501,148.240005,25,6.21,,7.93,970.669983
5/23/2017,948.820007,22.66,38.450001,148.070007,24.65,6.54,,7.88,971.539978
5/24/2017,954.960022,22.709999,38.334999,150.039993,23.5,6.39,,7.84,980.349976
5/25/2017,969.539978,23.620001,38.467499,151.960007,23.4,6.4,,7.82,993.380005
5/26/2017,971.469971,22.219999,38.4025,152.130005,24.700001,6.38,,7.85,995.780029
5/30/2017,975.880005,22.57,38.4175,152.380005,23.35,6.34,,8.02,996.700012
5/31/2017,964.859985,22.139999,38.189999,151.460007,22.5,6.32,,7.76,994.619995
6/1/2017,966.950012,22.780001,38.294998,151.529999,23.450001,6.49,,6.27,995.950012
6/2/2017,975.599976,22.67,38.862499,153.610001,24.799999,6.55,,6.25,1006.72998
6/5/2017,983.679993,22.48,38.482498,153.630005,25,6.54,,6.53,1011.340027
6/6/2017,976.570007,21.9,38.612499,152.809998,24.4,6.46,,6.65,1003
6/7/2017,980.940002,22.040001,38.842499,153.119995,23.75,6.54,,6.7,1010.070007
6/8/2017,983.409973,21.370001,38.747501,154.710007,23.65,6.52,,6.85,1010.27002
6/9/2017,949.830017,22.01,37.244999,149.600006,23.299999,6.4,,7.03,978.309998
6/12/2017,942.900024,21.709999,36.355,148.440002,23.5,6.35,,7,964.909973
6/13/2017,953.400024,21.98,36.647499,150.679993,24.25,6.42,,6.83,980.789978
6/14/2017,950.76001,21.629999,36.290001,150.25,24.200001,6.38,,6.86,976.469971
6/15/2017,942.309998,21.219999,36.072498,149.800003,24.049999,6.33,,6.79,964.169983
6/16/2017,939.780029,20.59,35.567501,150.639999,24.65,6.4,,6.86,987.710022
6/19/2017,957.369995,20.799999,36.584999,152.869995,24.75,6.46,,6.75,995.169983
6/20/2017,950.630005,20.639999,36.252499,152.25,23.6,6.37,,6.55,992.590027
6/21/2017,959.450012,20.459999,36.467499,153.910004,23.049999,6.39,,6.36,1002.22998
6/22/2017,957.090027,20.540001,36.407501,153.399994,23.049999,6.38,,6.33,1001.299988
6/23/2017,965.590027,20.65,36.57,155.070007,23.6,6.39,,6.42,1003.73999
6/26/2017,952.27002,21.129999,36.455002,153.589996,23.549999,6.34,,6.38,993.97998
6/27/2017,927.330017,21.379999,35.932499,150.580002,23.35,6.28,,6.65,976.780029
6/28/2017,940.48999,21.51,36.4575,153.240005,23.9,6.36,,6.66,990.330017
6/29/2017,917.789978,21.610001,35.919998,151.039993,23.65,6.17,,6.82,975.929993
6/30/2017,908.72998,21.610001,36.005001,150.979996,22.75,6.16,,6.75,968
7/3/2017,898.700012,21.6,35.875,148.429993,23.200001,6.15,,6.83,953.659973
7/5/2017,911.710022,21.51,36.022499,150.339996,22.450001,6.22,,6.68,971.400024
7/6/2017,906.690002,21.120001,35.682499,148.820007,21.65,6.14,,6.32,965.140015
7/7/2017,918.590027,20.91,36.044998,151.440002,21.950001,6.25,,6.46,978.76001
7/10/2017,928.799988,20.889999,36.264999,153.5,21.5,6.26,,6.1,996.469971
7/11/2017,930.090027,20.959999,36.3825,155.270004,22.299999,6.24,,6.1,994.130005
7/12/2017,943.830017,20.99,36.435001,158.899994,21.4,6.34,,6.13,1006.51001
7/13/2017,947.159973,21.16,36.942501,159.259995,22.15,6.33,,6.47,1000.630005
7/14/2017,955.98999,21.02,37.259998,159.970001,21.9,6.33,,6.33,1001.809998
7/17/2017,953.419983,21.280001,37.389999,159.729996,19.700001,6.31,,6.37,1010.039978
7/18/2017,965.400024,21.09,37.52,162.860001,20.1,6.14,,6.21,1024.449951
7/19/2017,970.890015,21.35,37.755001,164.139999,19.85,6.22,,6.29,1026.869995
7/20/2017,968.150024,21.1,37.584999,164.529999,20.6,6.26,,6.29,1028.699951
7/21/2017,972.919983,20.780001,37.567501,164.429993,20.35,6.2,,6.15,1025.670044
7/24/2017,980.340027,20.799999,38.022499,166,20.5,6.23,,5.87,1038.949951
7/25/2017,950.700012,21.26,38.185001,165.279999,20.85,6.16,,6.06,1039.869995
7/26/2017,947.799988,21.040001,38.365002,165.610001,21.049999,6.17,,5.99,1052.800049
7/27/2017,934.090027,21.700001,37.639999,170.440002,20.700001,6.37,,6.19,1046
7/28/2017,941.530029,21.5,37.375,172.449997,20.5,6.4,,6.07,1020.039978
7/31/2017,930.5,21.690001,37.182499,169.25,20.4,6.39,,6.06,987.780029
8/1/2017,930.830017,21.360001,37.512501,169.860001,20.799999,6.54,,6.2,996.190002
8/2/2017,930.390015,21.379999,39.285,169.300003,15.2,6.52,,6.08,995.890015
8/3/2017,923.650024,21.66,38.892502,168.589996,15.1,6.54,,5.95,986.919983
8/4/2017,927.960022,21.93,39.0975,169.619995,16.25,6.52,,6.23,987.580017
8/7/2017,929.359985,22.17,39.702499,171.979996,16.1,6.5,,6.38,992.27002
8/8/2017,926.789978,21.940001,40.02,171.229996,16.15,6.44,,6.58,989.840027
8/9/2017,922.900024,22.08,40.264999,171.179993,15.5,6.36,,6.45,982.01001
8/10/2017,907.23999,21.469999,38.830002,167.399994,14.45,6.25,,6.16,956.919983
8/11/2017,914.390015,21.76,39.369999,168.080002,14.05,6.26,,6.28,967.98999
8/14/2017,922.669983,21.85,39.962502,170.75,13.6,6.33,,5.94,983.299988
8/15/2017,922.219971,20.93,40.400002,171,13.25,6.33,,5.57,982.73999
8/16/2017,926.960022,21.389999,40.237499,170,13.3,6.36,,5.84,978.179993
8/17/2017,910.97998,21.1,39.465,166.910004,13.15,6.25,,5.73,960.570007
8/18/2017,910.669983,21.219999,39.375,167.410004,13,6.19,,5.7,958.469971
8/21/2017,906.659973,20.98,39.302502,167.779999,13.05,6.15,,5.35,953.289978
8/22/2017,924.690002,21.639999,39.945,169.639999,12.85,6.23,,5.49,966.900024
8/23/2017,927,21.48,39.994999,168.710007,12.55,6.25,,6.56,958
8/24/2017,921.280029,21.780001,39.817501,167.740005,12.8,6.16,,6.34,952.450012
8/25/2017,915.890015,19.4,39.965,166.320007,12.9,6.21,,6.56,945.26001
8/28/2017,913.809998,19.15,40.3675,167.240005,13.05,6.21,,6.61,946.02002
8/29/2017,921.289978,18.75,40.727501,168.050003,12.85,6.2,,6.51,954.059998
8/30/2017,929.570007,18.790001,40.837502,169.919998,13.45,6.18,,6.48,967.590027
8/31/2017,939.330017,18.5,41,171.970001,13.4,6.18,,6.37,980.599976
9/1/2017,937.340027,18.67,41.012501,172.020004,14.15,6.22,,6.67,978.25
9/5/2017,928.450012,18.940001,40.52,170.720001,14.5,6.1,,6.51,965.27002
9/6/2017,927.809998,19.34,40.477501,172.089996,14.4,6.16,,6.6,967.799988
9/7/2017,935.950012,18.85,40.314999,173.210007,13.8,6.19,,6.45,979.469971
9/8/2017,926.5,19.15,39.657501,170.949997,13.35,5.99,,6.12,965.900024
9/11/2017,929.080017,19.200001,40.375,173.509995,14.1,6.08,,6.25,977.960022
9/12/2017,932.070007,19.530001,40.215,172.960007,14.2,6.09,,6.42,982.580017
9/13/2017,935.090027,20.02,39.912498,173.050003,15.2,6.02,,6.55,999.599976
9/14/2017,925.109985,20.08,39.57,170.960007,16.049999,6.01,,6.52,992.210022
9/15/2017,920.289978,20.290001,39.970001,171.639999,16.950001,6.16,,6.61,986.789978
9/18/2017,915,20.17,39.6675,170.009995,16.65,6.21,,6.57,974.190002
9/19/2017,921.809998,20.190001,39.682499,172.520004,15.65,6.22,,6.57,969.859985
9/20/2017,931.580017,20.1,39.017502,172.169998,15.35,6.18,,6.58,973.210022
9/21/2017,932.450012,19.889999,38.3475,171.110001,15.8,6.05,,6.61,964.650024
9/22/2017,928.530029,20.01,37.9725,170.539993,15.9,6,,6.65,955.099976
9/25/2017,920.969971,20.440001,37.637501,162.869995,15.15,5.93,,6.61,939.789978
9/26/2017,924.859985,20.65,38.285,164.210007,15.4,5.92,,6.66,938.599976
9/27/2017,944.48999,20.85,38.557499,167.679993,15.5,5.88,,6.82,950.869995
9/28/2017,949.5,20.790001,38.32,168.729996,15,5.9,,6.78,956.400024
9/29/2017,959.109985,20.66,38.529999,170.869995,14.7,5.98,,6.76,961.349976
10/2/2017,953.27002,20.469999,38.452499,169.470001,14.7,5.98,,6.68,959.190002
10/3/2017,957.789978,20.209999,38.619999,169.960007,15.9,5.97,,6.66,957.099976
10/4/2017,951.679993,20.25,38.369999,168.419998,15.8,5.92,,6.96,965.450012
10/5/2017,969.960022,20.52,38.8475,171.240005,16.049999,5.93,,7.19,980.849976
10/6/2017,978.890015,20.02,38.825001,172.229996,15.2,5.91,,6.96,989.580017
10/9/2017,977,20.15,38.959999,172.5,14,5.92,,6.7,990.98999
10/10/2017,972.599976,20.23,38.974998,171.589996,13.85,5.92,,6.7,987.200012
10/11/2017,989.25,19.59,39.137501,172.740005,13.75,5.88,,6.41,995
10/12/2017,987.830017,19.5,39,172.550003,13.85,5.83,,5.88,1000.929993
10/13/2017,989.679993,19.709999,39.247501,173.740005,13.75,5.93,,5.9,1002.940002
10/16/2017,992,19.41,39.970001,174.520004,13.75,5.87,,5.99,1006.340027
10/17/2017,992.179993,19.66,40.1175,176.110001,13.75,5.83,,6.08,1009.130005
10/18/2017,992.809998,20.049999,39.939999,176.029999,13.6,5.86,,6.34,997
10/19/2017,984.450012,20.049999,38.994999,174.559998,14.25,5.82,,6.32,986.609985
10/20/2017,988.200012,20.129999,39.0625,174.979996,14,6.08,,6.62,982.909973
10/23/2017,968.450012,20.280001,39.0425,171.270004,14.15,6.03,,6.9,966.299988
10/24/2017,970.539978,19.959999,39.275002,171.800003,14.3,5.99,,7.1,975.900024
10/25/2017,973.330017,19.610001,39.102501,170.600006,14.05,6.05,,7.3,972.909973
10/26/2017,972.559998,19.51,39.352501,170.630005,14.7,4.76,,7.29,972.429993
10/27/2017,1019.27002,19.34,40.762501,177.880005,14.75,4.91,,7.18,1100.949951
10/30/2017,1017.109985,18.77,41.68,179.869995,13.9,4.82,,6.85,1110.849976
10/31/2017,1016.640015,18.690001,42.259998,180.059998,13.9,4.89,,6.77,1105.280029
11/1/2017,1025.5,18.6,41.7225,182.660004,13.45,4.94,,6.73,1103.680054
11/2/2017,1025.579956,18.51,42.0275,178.919998,12.85,5.03,,6.8,1094.219971
11/3/2017,1032.47998,18.1,43.125,178.919998,11.9,4.97,,6.74,1111.599976
11/6/2017,1025.900024,17.83,43.5625,180.169998,12.2,5.09,,6.76,1120.660034
11/7/2017,1033.329956,17.110001,43.702499,180.25,12.3,5.05,,6.44,1123.170044
11/8/2017,1039.849976,17.200001,44.060001,179.559998,11.8,5.05,,6.52,1132.880005
11/9/2017,1031.26001,17.559999,43.970001,179.300003,11.4,4.96,,6.78,1129.130005
11/10/2017,1028.069946,16.43,43.6675,178.460007,11,4.91,,7.08,1125.349976
11/13/2017,1025.75,16.200001,43.4925,178.770004,11.65,4.86,,6.87,1129.170044
11/14/2017,1026,16.190001,42.834999,178.070007,12.2,4.83,,6.83,1136.839966
11/15/2017,1020.909973,16,42.27,177.949997,12.55,4.84,,6.93,1126.689941
11/16/2017,1032.5,16.18,42.775002,179.589996,12.45,4.92,,7.17,1137.290039
11/17/2017,1019.090027,16.309999,42.537498,179,12.95,4.94,,7.71,1129.880005
11/20/2017,1018.380005,16.440001,42.494999,178.740005,12.75,5.01,,8.1,1126.310059
11/21/2017,1034.48999,16.73,43.285,181.860001,12.7,5.05,,7.67,1139.48999
11/22/2017,1035.959961,17.370001,43.740002,180.869995,13.2,5.05,,7.83,1156.160034
11/24/2017,1040.609985,17.42,43.7425,182.779999,13.85,5.08,,7.81,1186
11/27/2017,1054.209961,18.17,43.522499,183.029999,14.9,5.01,,8.25,1195.829956
11/28/2017,1047.410034,19.02,43.267502,182.419998,16.15,5.05,,8.78,1193.599976
11/29/2017,1021.659973,19.52,42.369999,175.130005,15.4,5.02,,9.22,1161.27002
11/30/2017,1021.409973,18.75,42.962502,177.179993,14.25,5.01,,9.74,1176.75
12/1/2017,1010.169983,18.77,42.762501,175.100006,14,4.95,,10.14,1162.349976
12/4/2017,998.679993,19.4,42.450001,171.470001,14.3,4.74,,10.48,1133.949951
12/5/2017,1005.150024,19.27,42.41,172.830002,14.45,4.7,,10.65,1141.569946
12/6/2017,1018.380005,19.01,42.252499,176.059998,14.25,4.72,,11.05,1152.349976
12/7/2017,1030.930054,18.629999,42.330002,180.139999,14.35,4.63,,11.14,1159.790039
12/8/2017,1037.050049,19.200001,42.342499,179,14.65,4.64,,11.22,1162
12/11/2017,1041.099976,19.07,43.1675,179.039993,15.25,4.58,,11.17,1168.920044
12/12/2017,1040.47998,19.110001,42.924999,176.960007,15.25,4.55,,10.87,1165.079956
12/13/2017,1040.609985,18.67,43.067501,178.300003,15.15,4.68,,10.96,1164.130005
12/14/2017,1049.150024,18.379999,43.055,178.389999,15.8,4.61,,10.36,1174.26001
12/15/2017,1064.189941,18.34,43.4925,180.179993,15.1,4.61,,10.18,1179.140015
12/18/2017,1077.140015,18.66,44.105,180.820007,15.25,4.69,,10.71,1190.579956
12/19/2017,1070.680054,18.389999,43.634998,179.509995,15.25,4.67,,10.5,1187.380005
12/20/2017,1064.949951,18.25,43.587502,177.889999,14.85,4.62,,10.44,1177.619995
12/21/2017,1063.630005,18.450001,43.752499,177.449997,15.4,4.79,,10.57,1174.76001
12/22/2017,1060.119995,18.290001,43.752499,177.199997,14.9,4.78,,10.43,1168.359985
12/26/2017,1056.73999,18.51,42.642502,175.990005,14.4,4.78,,10.89,1176.76001
12/27/2017,1049.369995,18.25,42.650002,177.619995,14.1,4.73,,10.68,1182.26001
12/28/2017,1048.140015,18.17,42.77,177.919998,14.85,4.71,,10.59,1186.099976
12/29/2017,1046.400024,17.950001,42.307499,176.460007,15.1,4.66,,10.15,1169.469971
1/2/2018,1065,18.26,43.064999,181.419998,15.4,4.76,,9.45,1189.01001
1/3/2018,1082.47998,18.200001,43.057499,184.669998,15,4.83,,9.72,1204.199951
1/4/2018,1086.400024,18.32,43.2575,184.330002,14.45,4.89,,9.62,1209.589966
1/5/2018,1102.22998,18.68,43.75,186.850006,14.1,4.92,,9.15,1229.140015
1/8/2018,1106.939941,19.23,43.587502,188.279999,13.8,4.88,,9.24,1246.869995
1/9/2018,1106.26001,19.549999,43.5825,187.869995,13.9,4.9,,7.37,1252.699951
1/10/2018,1102.609985,19.68,43.572498,187.839996,13.95,4.85,,7.49,1254.329956
1/11/2018,1105.52002,19.959999,43.82,187.770004,14.1,4.82,,7.49,1276.680054
1/12/2018,1122.26001,17.76,44.272499,179.369995,14.45,4.87,,7.26,1305.199951
1/16/2018,1121.76001,17.16,44.047501,178.389999,13.65,4.96,,7.21,1304.859985
1/17/2018,1131.97998,17.5,44.775002,177.600006,13.75,4.95,,7.45,1295
1/18/2018,1129.790039,17.860001,44.814999,179.800003,13.4,4.84,,7.29,1293.319946
1/19/2018,1137.51001,18.129999,44.615002,181.289993,13.2,4.84,,7.45,1294.579956
1/22/2018,1155.810059,17.549999,44.25,185.369995,13.25,4.9,,7.53,1327.310059
1/23/2018,1169.969971,17.4,44.259998,189.350006,13.4,4.92,,7.5,1362.540039
1/24/2018,1164.23999,16.98,43.555,186.550003,13.2,4.91,,7.31,1357.51001
1/25/2018,1170.369995,16.84,42.7775,187.479996,13.15,4.8,,7.26,1377.949951
1/26/2018,1175.839966,17.059999,42.877499,190,12.85,4.81,,7.3,1402.050049
1/29/2018,1175.579956,17.15,41.990002,185.979996,12.85,4.96,,7.26,1417.680054
1/30/2018,1163.689941,17.07,41.7425,187.119995,12.6,4.96,,7.12,1437.819946
1/31/2018,1169.939941,16.809999,41.857498,186.889999,12.8,4.81,,6.98,1450.890015
2/1/2018,1167.699951,16.66,41.945,193.089996,13.5,5.4,,6.93,1390
2/2/2018,1111.900024,16.23,40.125,190.279999,13.95,5.4,,6.65,1429.949951
2/5/2018,1055.800049,15.65,39.122501,181.259995,13.35,5.32,,6.42,1390
2/6/2018,1080.599976,16.139999,40.7575,185.309998,13.75,5.51,,6.56,1442.839966
2/7/2018,1048.579956,16.469999,39.884998,180.179993,14.2,5.51,,6.96,1416.780029
2/8/2018,1001.52002,15.83,38.787498,171.580002,13.75,5.36,,6.85,1350.5
2/9/2018,1037.780029,16.17,39.102501,176.110001,13.45,5.4,,7.14,1339.599976
2/12/2018,1051.939941,15.8,40.677502,176.410004,13.9,5.51,,6.89,1386.22998
2/13/2018,1052.099976,15.58,41.084999,173.149994,13.85,5.51,,6.87,1414.51001
2/14/2018,1069.699951,16.219999,41.842499,179.520004,14.25,5.65,,7.14,1451.050049
2/15/2018,1089.52002,16.41,43.247501,179.960007,14.65,5.73,,7.11,1461.76001
2/16/2018,1094.800049,16.4,43.107498,177.360001,14.4,5.76,,7.11,1448.689941
2/20/2018,1102.459961,15.86,42.962502,176.009995,14.5,5.73,,6.91,1468.349976
2/21/2018,1111.339966,15.69,42.767502,177.910004,14.4,5.69,,7.02,1482.920044
2/22/2018,1106.630005,15.62,43.125,178.990005,14.3,5.71,,7.21,1485.339966
2/23/2018,1126.790039,15.97,43.875,183.289993,14.85,5.8,,7.37,1500
2/26/2018,1143.75,16.08,44.7425,184.929993,15.45,5.93,,7.54,1521.949951
2/27/2018,1118.290039,15.57,44.5975,181.460007,15.75,5.87,,7.21,1511.97998
2/28/2018,1104.72998,15.69,44.529999,178.320007,15,5.8,,7.22,1512.449951
3/1/2018,1069.52002,15.97,43.75,175.940002,14.75,5.76,,7.18,1493.449951
3/2/2018,1078.920044,15.93,44.052502,176.619995,15.75,5.77,,7.48,1500.25
3/5/2018,1090.930054,16.049999,44.205002,180.399994,15.75,5.85,,7.5,1523.609985
3/6/2018,1095.060059,16.059999,44.1675,179.779999,15.95,5.82,,7.6,1537.640015
3/7/2018,1109.640015,15.94,43.7575,183.710007,15.7,5.88,,7.55,1545
3/8/2018,1126,15.64,44.235001,182.339996,15.55,5.87,,7.3,1551.859985
3/9/2018,1160.040039,15.85,44.994999,185.229996,15.7,5.89,,7.34,1578.890015
3/12/2018,1164.5,15.55,45.43,184.759995,15.65,5.93,,7.36,1598.390015
3/13/2018,1138.170044,15.61,44.9925,181.880005,14.75,5.86,,7.4,1588.180054
3/14/2018,1149.48999,15.46,44.610001,184.190002,15.05,5.82,,7.39,1591
3/15/2018,1149.579956,15.31,44.662498,183.860001,14.75,5.76,,7.19,1582.319946
3/16/2018,1135.72998,15.42,44.505001,185.089996,14.2,5.73,,7.2,1571.680054
3/19/2018,1099.819946,14.81,43.825001,172.559998,14.15,5.72,,6.98,1544.930054
3/20/2018,1097.709961,14.47,43.810001,168.149994,14.05,5.75,,6.99,1586.51001
3/21/2018,1090.880005,14.02,42.817501,169.389999,14.15,5.71,,6.99,1581.859985
3/22/2018,1049.079956,13.83,42.212502,164.889999,13.8,5.5,,6.84,1544.920044
3/23/2018,1021.570007,13.5,41.235001,159.389999,13.9,5.46,,6.9,1495.560059
3/26/2018,1053.209961,14.04,43.192501,160.059998,13.95,5.54,,7.28,1555.859985
3/27/2018,1005.099976,13.88,42.084999,152.220001,13.6,5.44,,7.13,1497.050049
3/28/2018,1004.559998,14.15,41.619999,153.029999,13.5,5.43,,7.23,1431.420044
3/29/2018,1031.790039,12.62,41.945,159.789993,14.05,5.47,,7.16,1447.339966
4/2/2018,1006.469971,12.82,41.669998,155.389999,14.15,5.39,,6.71,1371.98999
4/3/2018,1013.409973,13.01,42.0975,156.110001,15.25,5.42,,6.9,1392.050049
4/4/2018,1025.140015,13.34,42.9025,155.100006,15.4,5.43,,7.07,1410.569946
4/5/2018,1027.810059,13.56,43.200001,159.339996,16.35,5.41,,7.53,1451.75
4/6/2018,1007.039978,13.43,42.095001,157.199997,16.450001,5.39,,7.56,1405.22998
4/9/2018,1015.450012,13.48,42.512501,157.929993,16.450001,5.41,,7.51,1406.079956
4/10/2018,1031.640015,13.68,43.3125,165.039993,16.799999,5.52,,7.7,1436.219971
4/11/2018,1019.969971,13.84,43.110001,166.320007,16.700001,5.57,,7.78,1427.050049
4/12/2018,1032.51001,13.63,43.535,163.869995,16.5,5.56,,7.93,1448.5
4/13/2018,1029.27002,13.61,43.682499,164.520004,16.950001,5.52,,8.19,1430.790039
4/16/2018,1037.97998,13.81,43.955002,164.830002,17.15,5.61,,7.81,1441.5
4/17/2018,1074.160034,13.94,44.560001,168.660004,17.4,5.86,,7.81,1503.829956
4/18/2018,1072.079956,13.66,44.459999,166.360001,17.549999,5.85,,7.77,1527.839966
4/19/2018,1087.699951,13.52,43.200001,168.100006,17.25,5.83,,7.62,1556.910034
4/20/2018,1072.959961,12.88,41.43,166.279999,17,5.96,,7.29,1527.48999
4/23/2018,1067.449951,13.2,41.310001,165.839996,17.15,5.89,,7.33,1517.859985
4/24/2018,1019.97998,13.41,40.735001,159.690002,17.200001,5.93,,7.45,1460.089966
4/25/2018,1021.179993,13.46,40.912498,159.690002,17.25,5.92,,7.5,1460.170044
4/26/2018,1040.040039,13.67,41.055,174.160004,17.200001,5.87,,7.72,1517.959961
4/27/2018,1030.050049,13.86,40.580002,173.589996,17.200001,5.96,,7.88,1572.619995
4/30/2018,1017.330017,13.65,41.314999,172,17.450001,6.01,,7.84,1566.130005
5/1/2018,1037.310059,13.85,42.275002,173.860001,16.4,5.93,,7.47,1582.26001
5/2/2018,1024.380005,13.45,44.142502,176.070007,16.5,5.78,,7.45,1569.680054
5/3/2018,1023.719971,12.83,44.2225,174.020004,16.549999,5.89,,7.31,1572.079956
5/4/2018,1048.209961,13,45.9575,176.610001,16.299999,6.1,,7.6,1580.949951
5/7/2018,1054.790039,12.89,46.290001,177.970001,17.200001,6.19,,7.75,1600.140015
5/8/2018,1053.910034,12.79,46.512501,178.919998,16.799999,6.27,,7.95,1592.390015
5/9/2018,1082.76001,12.93,46.84,182.660004,16.049999,6.35,,8.38,1608
5/10/2018,1097.569946,13.03,47.509998,185.529999,16.450001,6.35,,8.38,1609.079956
5/11/2018,1098.26001,12.71,47.147499,186.990005,16.299999,6.38,,8.65,1602.910034
5/14/2018,1100.199951,13.26,47.037498,186.639999,16.4,6.3,,8.63,1601.540039
5/15/2018,1079.22998,13.51,46.610001,184.320007,16.549999,6.26,,8.7,1576.119995
5/16/2018,1081.77002,13.55,47.044998,183.199997,16.6,6.24,,9.11,1587.280029
5/17/2018,1078.589966,13.62,46.747501,183.759995,16.6,6.19,,9.05,1581.76001
5/18/2018,1066.359985,12.46,46.577499,182.679993,16.1,6.2,,9.17,1574.369995
5/21/2018,1079.579956,12.78,46.907501,184.490005,16.049999,6.24,,9.11,1585.459961
5/22/2018,1069.72998,12.67,46.790001,183.800003,15.6,6.2,,8.81,1581.400024
5/23/2018,1079.689941,12.72,47.09,186.899994,15.2,6.09,,8.83,1601.859985
5/24/2018,1079.23999,12.74,47.037498,185.929993,15.25,6.09,,9.04,1603.069946
5/25/2018,1075.660034,12.67,47.145,184.919998,15.05,6.14,,8.96,1610.150024
5/29/2018,1060.319946,13.05,46.974998,185.740005,14.45,5.95,,8.84,1612.869995
5/30/2018,1067.800049,13.42,46.875,187.669998,14.85,5.97,,9.16,1624.890015
5/31/2018,1084.98999,13.2,46.717499,191.779999,14.8,5.79,,8.51,1629.619995
6/1/2018,1119.5,13.72,47.560001,193.990005,14.8,5.85,,9.15,1641.540039
6/4/2018,1139.290039,14.24,47.9575,193.279999,14.55,5.93,,9.34,1665.27002
6/5/2018,1139.660034,14.6,48.327499,192.940002,14.75,5.9,,10.09,1696.349976
6/6/2018,1136.880005,14.42,48.494999,191.339996,14.7,5.89,,10.1,1695.75
6/7/2018,1123.859985,14.49,48.365002,188.179993,14.65,5.84,,10.18,1689.300049
6/8/2018,1120.869995,14.53,47.924999,189.100006,14.45,5.84,,10.5,1683.98999
6/11/2018,1129.98999,14.29,47.807499,191.539993,14.95,5.9,,10.59,1689.119995
6/12/2018,1139.319946,14.05,48.07,192.399994,15.65,5.93,,10.45,1698.75
6/13/2018,1134.790039,13.33,47.674999,192.410004,15.45,6.08,,9.85,1704.859985
6/14/2018,1152.119995,12.85,47.700001,196.809998,15.75,6.11,,9.42,1723.859985
6/15/2018,1152.26001,13.96,47.209999,195.850006,15.6,6.12,,9.36,1715.969971
6/18/2018,1173.459961,15.2,47.185001,198.309998,16,6.06,,9.76,1723.790039
6/19/2018,1168.060059,15.75,46.422501,197.490005,16.25,5.96,,9.92,1734.780029
6/20/2018,1169.839966,15.71,46.625,202,16.6,5.97,,10.37,1750.079956
6/21/2018,1157.660034,15.53,46.365002,201.5,17.200001,5.91,,10.45,1730.219971
6/22/2018,1155.47998,15.52,46.23,201.740005,16.6,5.95,,10.5,1715.670044
6/25/2018,1124.810059,15.11,45.5425,196.350006,16.5,5.83,,10.17,1663.150024
6/26/2018,1118.459961,14.97,46.107498,199,15.85,5.83,,10.26,1691.089966
6/27/2018,1103.97998,14.6,46.040001,195.839996,15.6,5.73,,9.79,1660.51001
6/28/2018,1114.219971,14.88,46.375,196.229996,16.15,5.71,,9.73,1701.449951
6/29/2018,1115.650024,14.57,46.2775,194.320007,15.9,5.75,,9.15,1699.800049
7/2/2018,1127.459961,14.16,46.794998,197.360001,15.75,5.65,,9.15,1713.780029
7/3/2018,1102.890015,14.05,45.98,192.729996,15.85,5.68,,9.29,1693.959961
7/5/2018,1124.27002,14.63,46.349998,198.449997,16.799999,5.73,,9.47,1699.72998
7/6/2018,1140.170044,15.15,46.9925,203.229996,17.299999,5.76,,9.67,1710.630005
7/9/2018,1154.050049,15.47,47.645,204.740005,17.15,5.85,,9.67,1739.02002
7/10/2018,1152.839966,14.86,47.587502,203.539993,17.35,5.95,,9.33,1743.069946
7/11/2018,1153.900024,14.7,46.970001,202.539993,17.4,5.84,,9.35,1755
7/12/2018,1183.47998,15.09,47.7575,206.919998,17,5.9,,9.28,1796.619995
7/13/2018,1188.819946,15.28,47.8325,207.320007,17.049999,5.81,,9.38,1813.030029
7/16/2018,1183.859985,15.22,47.727501,207.229996,16.700001,5.88,,9.64,1822.48999
7/17/2018,1198.800049,14.58,47.862499,209.990005,16.85,5.81,,10.07,1843.930054
7/18/2018,1195.880005,14.58,47.599998,209.360001,16.35,6.04,,10.02,1842.920044
7/19/2018,1186.959961,14.92,47.970001,208.089996,16.450001,5.96,,10.11,1812.969971
7/20/2018,1184.910034,15.08,47.860001,209.940002,15.95,5.97,,9.83,1813.699951
7/23/2018,1205.5,14.89,47.9025,210.910004,15.55,5.94,,9.68,1802
7/24/2018,1248.079956,14.78,48.25,214.669998,15.5,5.9,,9.69,1829.23999
7/25/2018,1263.699951,14.51,48.705002,217.5,15.25,5.98,,9.98,1863.609985
7/26/2018,1268.329956,14.81,48.552502,176.259995,15.7,5.55,,10.01,1808
7/27/2018,1238.5,14.83,47.744999,174.889999,15.7,5.4,,9.52,1817.27002
7/30/2018,1219.73999,14.7,47.477501,171.059998,15.35,5.5,,9.77,1779.219971
7/31/2018,1217.26001,14.41,47.572498,172.580002,16.299999,5.4,,9.63,1777.439941
8/1/2018,1220.01001,14.73,50.375,171.649994,16.049999,5.43,,9.42,1797.170044
8/2/2018,1226.150024,14.62,51.8475,176.369995,16.549999,5.37,,9.71,1834.329956
8/3/2018,1223.709961,14.85,51.997501,177.779999,17.15,5.36,,9.78,1823.290039
8/6/2018,1224.77002,14.86,52.267502,185.690002,17.299999,5.32,,9.88,1847.75
8/7/2018,1242.219971,15.12,51.7775,183.809998,17.200001,5.39,,10.11,1862.47998
8/8/2018,1245.609985,15.25,51.8125,185.179993,17.5,5.39,,10.15,1886.52002
8/9/2018,1249.099976,15.21,52.220001,183.089996,16.9,5.36,,10.37,1898.52002
8/10/2018,1237.609985,15.32,51.8825,180.259995,17.450001,5.22,,10.53,1886.300049
8/13/2018,1235.01001,15.21,52.217499,180.050003,17.450001,5.19,,10.3,1896.199951
8/14/2018,1242.099976,15.5,52.4375,181.110001,17.5,5.2,,10.71,1919.650024
8/15/2018,1214.380005,15.42,52.560001,179.529999,17.700001,5.09,,10.1,1882.619995
8/16/2018,1206.48999,15.22,53.330002,174.699997,18.1,5.15,,10.19,1886.52002
8/17/2018,1200.959961,15.33,54.395,173.800003,18.35,5.23,,10.36,1882.219971
8/20/2018,1207.77002,15.85,53.865002,172.5,18.549999,5.25,,10.56,1876.709961
8/21/2018,1201.619995,16.49,53.759998,172.619995,18.85,5.36,,10.61,1883.420044
8/22/2018,1207.329956,16.98,53.762501,173.639999,19,5.41,,10.51,1904.900024
8/23/2018,1205.380005,16.76,53.872501,172.899994,19.200001,5.43,,10.73,1902.900024
8/24/2018,1220.650024,16.549999,54.040001,174.649994,19.15,5.58,,10.41,1905.390015
8/27/2018,1241.819946,14.71,54.485001,177.460007,18.700001,5.71,,9.82,1927.680054
8/28/2018,1231.150024,14.03,54.924999,176.259995,19.15,5.73,,9.99,1932.819946
8/29/2018,1249.300049,14.12,55.744999,175.899994,18.950001,5.71,,9.93,1998.099976
8/30/2018,1239.119995,13.58,56.2575,177.639999,18.799999,5.62,,10.66,2002.380005
8/31/2018,1218.189941,13.27,56.907501,175.729996,19.049999,5.55,,11.22,2012.709961
9/4/2018,1197,14.05,57.09,171.160004,19.25,5.51,,11.48,2039.51001
9/5/2018,1186.47998,16.26,56.717499,167.179993,19.299999,5.4,,11.59,1994.819946
9/6/2018,1171.439941,16.139999,55.775002,162.529999,19.75,5.39,,10.9,1958.310059
9/7/2018,1164.829956,16.129999,55.325001,163.039993,19.9,5.32,,10.39,1952.069946
9/10/2018,1164.640015,16,54.5825,164.179993,19.9,5.39,,10.52,1939.01001
9/11/2018,1177.359985,16.16,55.962502,165.940002,19.799999,5.36,,10.55,1987.150024
9/12/2018,1162.819946,16.66,55.267502,162,20.049999,5.31,,10.62,1990
9/13/2018,1175.329956,17.040001,56.602501,161.360001,20.1,5.47,,10.47,1989.869995
9/14/2018,1172.530029,16.790001,55.959999,162.320007,19.799999,5.5,,10.41,1970.189941
9/17/2018,1156.050049,16.610001,54.470001,160.580002,19.950001,5.5,,10.43,1908.030029
9/18/2018,1161.219971,16.5,54.560001,160.300003,20,5.62,,10.48,1941.050049
9/19/2018,1171.089966,16.6,54.592499,163.059998,20.65,5.46,,10.57,1926.420044
9/20/2018,1186.869995,16.49,55.0075,166.020004,20.75,5.52,,10.93,1944.300049
9/21/2018,1166.089966,16.52,54.415001,162.929993,21.35,5.59,,10.91,1915.01001
9/24/2018,1173.369995,15.52,55.197498,165.410004,20.4,5.55,,10.92,1934.359985
9/25/2018,1184.650024,16.02,55.547501,164.910004,19.9,5.6,,10.88,1974.550049
9/26/2018,1180.48999,15.59,55.105,166.949997,20.15,5.53,,11.18,1974.849976
9/27/2018,1194.640015,15.55,56.237499,168.839996,20.450001,5.69,,11.04,2012.97998
9/28/2018,1193.469971,15.27,56.435001,164.460007,20.5,5.58,,11.06,2003
10/1/2018,1195.310059,15.28,56.814999,162.440002,19.860001,5.61,,10.67,2004.359985
10/2/2018,1200.109985,14.87,57.32,159.330002,19.76,5.48,,9.85,1971.310059
10/3/2018,1202.949951,14.92,58.017502,162.429993,20.09,5.47,,9.98,1952.76001
10/4/2018,1168.189941,14.82,56.997501,158.850006,19.969999,5.48,,9.89,1909.420044
10/5/2018,1157.349976,14.68,56.072498,157.330002,19.700001,5.38,,9.66,1889.650024
10/8/2018,1148.969971,14.98,55.942501,157.25,19.6,5.32,,9.21,1864.420044
10/9/2018,1138.819946,14.76,56.717499,157.899994,19.610001,5.3,,9.15,1870.319946
10/10/2018,1081.219971,14.83,54.09,151.380005,18.75,5.16,,8.74,1755.25
10/11/2018,1079.319946,14.66,53.612499,153.350006,18.41,5.15,,8.65,1719.359985
10/12/2018,1110.079956,14.8,55.5275,153.740005,18.860001,5.25,,8.4,1788.609985
10/15/2018,1092.25,14.88,54.34,153.520004,19.27,5.29,,8.6,1760.949951
10/16/2018,1121.280029,15.29,55.537498,158.779999,20.15,5.45,,8.76,1819.959961
10/17/2018,1115.689941,15.32,55.297501,159.419998,19.809999,5.52,,8.67,1831.72998
10/18/2018,1087.969971,15.06,54.005001,154.919998,19.639999,5.55,,8.72,1770.719971
10/19/2018,1096.459961,14.73,54.827499,154.050003,19.809999,5.62,,8.42,1764.030029
10/22/2018,1101.160034,15.12,55.162498,154.779999,19.799999,5.63,,8.5,1789.300049
10/23/2018,1103.689941,15.27,55.682499,154.389999,19.700001,5.55,,8.3,1768.699951
10/24/2018,1050.709961,15.07,53.772499,146.039993,17.83,5.26,,8.3,1664.199951
10/25/2018,1095.569946,14.44,54.950001,150.949997,18.709999,5.32,,8.47,1782.170044
10/26/2018,1071.469971,13.71,54.075001,145.369995,17.83,5.58,,8.47,1642.810059
10/29/2018,1020.080017,14.53,53.060001,142.089996,18.719999,5.55,,8.57,1538.880005
10/30/2018,1036.209961,14.67,53.325001,146.220001,19.24,5.63,,8.97,1530.420044
10/31/2018,1076.77002,14.6,54.715,151.789993,19.26,5.62,,8.81,1598.01001
11/1/2018,1070,15.35,55.555,151.75,19.24,5.78,,9.04,1665.530029
11/2/2018,1057.790039,15.61,51.869999,150.350006,19,5.8,,9.3,1665.530029
11/5/2018,1040.089966,14.99,50.397499,148.679993,19.18,5.86,,9.52,1627.800049
11/6/2018,1055.810059,14.95,50.942501,149.940002,18.42,5.86,,9.52,1642.810059
11/7/2018,1093.390015,14.9,52.487499,151.529999,18.379999,5.98,,9.49,1755.48999
11/8/2018,1082.400024,14.86,52.122501,147.869995,18.129999,5.93,,9.57,1754.910034
11/9/2018,1066.150024,14.64,51.1175,144.960007,15.66,5.87,,9.2,1712.430054
11/12/2018,1038.630005,13.88,48.5425,141.550003,15.19,5.75,,8.97,1636.849976
11/13/2018,1036.050049,13.88,48.057499,142.160004,15.54,5.85,,8.92,1631.170044
11/14/2018,1043.660034,12.96,46.700001,144.220001,15.68,5.79,,8.73,1599.01001
11/15/2018,1064.709961,13.13,47.852501,143.850006,14.74,5.76,,8.71,1619.439941
11/16/2018,1061.48999,12.79,48.3825,139.529999,14.05,5.81,,8.09,1593.410034
11/19/2018,1020,13.03,46.465,131.550003,13.49,5.72,,7.67,1512.290039
11/20/2018,1025.76001,12.28,44.244999,132.429993,13.29,5.51,,7.47,1495.459961
11/21/2018,1037.609985,13.71,44.195,134.820007,13.94,5.53,,7.72,1516.72998
11/23/2018,1023.880005,13.5,43.072498,131.729996,13.88,5.49,,7.65,1502.060059
11/26/2018,1048.619995,14.58,43.654999,136.380005,14.16,5.5,,7.74,1581.329956
11/27/2018,1044.410034,14.72,43.560001,135,13.45,5.47,,7.56,1581.420044
11/28/2018,1086.22998,15.01,45.235001,136.759995,13.84,5.48,,7.16,1677.75
11/29/2018,1088.300049,14.63,44.887501,138.679993,13.96,5.52,,6.8,1673.569946
11/30/2018,1094.430054,13.66,44.645,140.610001,13.65,5.47,,6.24,1690.170044
12/3/2018,1106.430054,13.87,46.205002,141.089996,14.22,5.6,,6.57,1772.359985
12/4/2018,1050.819946,13.5,44.172501,137.929993,14.26,5.4,,6.19,1668.400024
12/6/2018,1068.72998,13.56,43.68,139.630005,14.63,5.62,,6.19,1699.189941
12/7/2018,1036.579956,13.68,42.122501,137.419998,14.27,5.53,,5.84,1629.130005
12/10/2018,1039.550049,13.23,42.400002,141.850006,14.3,5.68,,5.84,1641.030029
12/11/2018,1051.75,12.95,42.157501,142.080002,15.12,5.84,,5.69,1643.23999
12/12/2018,1063.680054,13.23,42.275002,144.5,15.27,6.04,,5.82,1663.540039
12/13/2018,1061.900024,12.79,42.737499,145.009995,14.86,6.03,,5.55,1658.380005
12/14/2018,1042.099976,12.76,41.369999,144.059998,14.51,5.94,,5.58,1591.910034
12/17/2018,1016.530029,12.65,40.985001,140.190002,14.07,5.87,,5.51,1520.910034
12/18/2018,1028.709961,12.73,41.517502,143.660004,13.96,5.78,,5.5,1551.47998
12/19/2018,1023.01001,12.58,40.2225,133.240005,13.37,5.77,,5.32,1495.079956
12/20/2018,1009.409973,12.43,39.2075,133.399994,12.98,5.76,,5.35,1460.829956
12/21/2018,979.539978,11.96,37.682499,124.949997,12.34,5.49,,4.99,1377.449951
12/24/2018,976.219971,11.67,36.7075,124.059998,12.26,5.49,,5.01,1343.959961
12/26/2018,1039.459961,12.4,39.2925,134.179993,12.68,5.56,,5.44,1470.900024
12/27/2018,1043.880005,12.18,39.037498,134.520004,12.2,5.63,,5.16,1461.640015
12/28/2018,1037.079956,12.28,39.057499,133.199997,12.42,5.81,,5.15,1478.02002
12/31/2018,1035.609985,12.62,39.435001,131.089996,12.28,5.82,,5.11,1501.969971
1/2/2019,1045.849976,13.07,39.48,135.679993,12.89,5.74,,5.35,1539.130005
1/3/2019,1016.059998,12.97,35.547501,131.740005,13.06,5.57,,5.35,1500.280029
1/4/2019,1070.709961,15.24,37.064999,137.949997,13.54,5.93,,5.43,1575.390015
1/7/2019,1068.390015,15.48,36.982498,138.050003,14.12,6.02,,5.61,1629.51001
1/8/2019,1076.280029,15.81,37.6875,142.529999,14.57,6.15,,5.57,1656.579956
1/9/2019,1074.660034,15.98,38.327499,144.229996,13.95,6.21,,5.6,1659.420044
1/10/2019,1070.329956,15.96,38.450001,144.199997,13.73,6.14,,5.13,1656.219971
1/11/2019,1057.189941,15.85,38.072498,143.800003,14.03,6.08,,5.35,1640.560059
1/14/2019,1044.689941,15.64,37.5,145.389999,14.13,6.02,,5.16,1617.209961
1/15/2019,1077.150024,15.53,38.267502,148.949997,14.31,6.05,,5.16,1674.560059
1/16/2019,1080.969971,15.68,38.735001,147.539993,14.1,5.95,,5.24,1683.780029
1/17/2019,1089.900024,15.77,38.965,148.300003,14.11,5.98,,5.3,1693.219971
1/18/2019,1098.26001,15.93,39.205002,150.039993,14.46,6.11,,5.4,1696.199951
1/22/2019,1070.52002,15.27,38.325001,147.570007,13.51,5.97,,5.25,1632.170044
1/23/2019,1075.569946,15.48,38.48,144.300003,13.79,6.05,,5.2,1640.02002
1/24/2019,1073.900024,15.8,38.174999,145.830002,14.25,6.16,,5.11,1654.930054
1/25/2019,1090.98999,15.9,39.439999,149.009995,14.01,6.6,,5.37,1670.569946
1/28/2019,1070.079956,15.5,39.075001,147.470001,14.01,6.49,,5.6,1637.890015
1/29/2019,1060.619995,11.28,38.669998,144.190002,14.19,6.55,,5.41,1593.880005
1/30/2019,1089.060059,11.2,41.3125,150.419998,14.12,6.57,,5.37,1670.430054
1/31/2019,1116.369995,11.34,41.610001,166.690002,14.65,6.35,,5.3,1718.72998
2/1/2019,1110.75,11.24,41.630001,165.710007,14.19,6.13,,5.28,1626.22998
2/4/2019,1132.800049,11.37,42.8125,169.25,14.35,6.06,,5.37,1633.310059
2/5/2019,1145.98999,11.79,43.544998,171.160004,14.07,6.04,,5.43,1658.810059
2/6/2019,1115.22998,11.51,43.560001,170.490005,13.79,6.05,,5.32,1640.26001
2/7/2019,1098.709961,11.47,42.735001,166.380005,13.32,5.96,,5.18,1614.369995
2/8/2019,1095.060059,11.35,42.602501,167.330002,13.72,6.16,,5.2,1588.219971
2/11/2019,1095.01001,11.3,42.357498,165.789993,13.17,6.21,,5.41,1591
2/12/2019,1121.369995,11.55,42.7225,165.039993,13.26,6.24,,5.39,1638.01001
2/13/2019,1120.160034,11.47,42.544998,164.070007,13.51,6.32,,5.34,1640
2/14/2019,1121.670044,11.33,42.700001,163.949997,13.65,6.3,,5.2,1622.650024
2/15/2019,1113.650024,11.43,42.605,162.5,13.79,6.32,,5.29,1607.949951
2/19/2019,1118.560059,11.2,42.732498,162.289993,13.2,6.17,,5.33,1627.579956
2/20/2019,1113.800049,11.2,43.0075,162.559998,13.67,6.1,,5.36,1622.099976
2/21/2019,1096.969971,11.03,42.764999,160.039993,13.7,6.15,,5.11,1619.439941
2/22/2019,1110.369995,11.37,43.2425,161.889999,13.87,6.24,,5.21,1631.560059
2/25/2019,1109.400024,11.55,43.557499,164.619995,13.64,6.15,,5.15,1633
2/26/2019,1115.130005,11.64,43.5825,164.130005,13.56,6.12,,5.17,1636.400024
2/27/2019,1116.050049,11.67,43.717499,162.809998,13.87,6.12,,5.22,1641.089966
2/28/2019,1119.920044,11.7,43.287498,161.449997,14.03,6.09,,5.2,1639.829956
3/1/2019,1140.98999,11.75,43.7425,162.279999,16,6.11,,5.31,1671.72998
3/4/2019,1147.800049,11.57,43.962502,167.369995,15.5,6.08,,5.15,1696.170044
3/5/2019,1162.030029,11.6,43.8825,171.259995,15.62,6.16,,5.08,1692.430054
3/6/2019,1157.859985,11.56,43.630001,172.509995,15.13,6.1,,4.97,1668.949951
3/7/2019,1143.300049,11.59,43.125,169.130005,14.8,6.03,,4.97,1625.949951
3/8/2019,1142.319946,10.97,43.227501,169.600006,14.72,6.07,,4.89,1620.800049
3/11/2019,1175.76001,11.26,44.724998,172.070007,14.65,6.14,,4.98,1670.619995
3/12/2019,1193.199951,11.47,45.227501,171.919998,14.42,6.2,,5.04,1673.099976
3/13/2019,1193.319946,11.58,45.427502,173.369995,14.43,6.14,,4.53,1690.810059
3/14/2019,1185.550049,10.95,45.932499,170.169998,14.48,6.22,,4.49,1686.219971
3/15/2019,1184.459961,11.06,46.529999,165.979996,14.5,6.39,,4.3,1712.359985
3/18/2019,1184.26001,11.07,47.005001,160.470001,15,6.33,,4.29,1742.150024
3/19/2019,1198.849976,10.96,46.6325,161.570007,14.75,6.35,,4.19,1761.849976
3/20/2019,1223.969971,10.5,47.040001,165.440002,14.96,6.29,,4.08,1797.27002
3/21/2019,1231.540039,10.55,48.772499,166.080002,15.42,6.26,,4.12,1819.26001
3/22/2019,1205.5,10.45,47.762501,164.339996,15.06,5.88,,3.93,1764.77002
3/25/2019,1193,10.14,47.185001,166.289993,15.3,5.87,,4,1774.26001
3/26/2019,1184.619995,10.35,46.697498,167.679993,14.94,5.82,,4.04,1783.76001
3/27/2019,1173.02002,10.29,47.1175,165.869995,14.84,5.82,,4.14,1765.699951
3/28/2019,1168.48999,10.19,47.18,165.550003,14.77,5.69,,4.23,1773.420044
3/29/2019,1173.310059,10.16,47.487499,166.690002,14.85,5.72,,4.28,1780.75
4/1/2019,1194.430054,10.37,47.810001,168.699997,14.99,5.77,,4.35,1814.189941
4/2/2019,1200.48999,10.1,48.505001,174.199997,14.78,5.81,,4.28,1813.97998
4/3/2019,1205.920044,9.63,48.837502,173.539993,14.61,5.9,,4.24,1820.699951
4/4/2019,1215,10.03,48.922501,176.020004,15.01,5.9,,4.31,1818.859985
4/5/2019,1207.150024,9.86,49.25,175.720001,14.98,5.92,,4.29,1837.280029
4/8/2019,1203.839966,9.94,50.025002,174.929993,16.309999,5.96,,4.3,1849.859985
4/9/2019,1197.25,9.82,49.875,177.580002,16.15,5.86,,4.1,1835.839966
4/10/2019,1202.160034,9.97,50.154999,177.820007,16.15,5.85,,4.12,1847.329956
4/11/2019,1204.619995,9.76,49.737499,177.509995,16.120001,5.87,,3.94,1844.069946
4/12/2019,1217.869995,9.32,49.717499,179.100006,16.43,5.94,,3.87,1843.060059
4/15/2019,1221.099976,8.94,49.807499,179.649994,16.5,5.64,,3.77,1844.869995
4/16/2019,1227.130005,9.08,49.8125,178.869995,16.59,5.68,,3.86,1863.040039
4/17/2019,1236.339966,8.94,50.782501,178.779999,16.59,5.82,,4.01,1864.819946
4/18/2019,1236.369995,8.77,50.965,178.279999,16.049999,5.81,,3.95,1861.689941
4/22/2019,1248.839966,8.65,51.1325,181.440002,15.26,5.81,,3.67,1887.310059
4/23/2019,1264.550049,8.89,51.869999,183.779999,15.25,5.8,,3.55,1923.77002
4/24/2019,1256,9.01,51.790001,182.580002,15.44,5.79,,3.7,1901.75
4/25/2019,1263.449951,8.95,51.32,193.259995,15.3,5.3,,3.56,1902.25
4/26/2019,1272.180054,8.89,51.075001,191.490005,15.4,5.36,,3.59,1950.630005
4/29/2019,1287.579956,8.76,51.1525,194.779999,15.5,5.32,,3.75,1938.430054
4/30/2019,1188.47998,8.65,50.1675,193.399994,15.16,5.28,,3.68,1926.52002
5/1/2019,1168.079956,8.51,52.630001,193.029999,14.71,5.22,,3.77,1911.52002
5/2/2019,1162.609985,8.77,52.287498,192.529999,14.7,5.19,,3.9,1900.819946
5/3/2019,1185.400024,8.97,52.9375,195.470001,14.59,5.18,,3.97,1962.459961
5/6/2019,1189.390015,8.85,52.119999,193.880005,14.87,5.14,,3.83,1950.550049
5/7/2019,1174.099976,8.77,50.715,189.770004,14.97,5.04,,3.79,1921
5/8/2019,1166.27002,8.69,50.724998,189.539993,14.65,4.98,,3.71,1917.77002
5/9/2019,1162.380005,8.52,50.18,188.649994,13.63,4.95,,3.69,1899.869995
5/10/2019,1164.27002,8.48,49.294998,188.339996,13.82,4.93,,3.66,1889.97998
5/13/2019,1132.030029,8.26,46.43,181.539993,13.29,4.82,,3.4,1822.680054
5/14/2019,1120.439941,8.53,47.165001,180.729996,13.5,4.77,,3.45,1840.119995
5/15/2019,1164.209961,8.69,47.73,186.270004,13.58,4.77,,3.39,1871.150024
5/16/2019,1178.97998,8.67,47.52,186.990005,13.4,4.96,,3.38,1907.569946
5/17/2019,1162.300049,8.61,47.25,185.300003,13.13,4.94,,3.37,1869
5/20/2019,1138.849976,8.06,45.772499,182.720001,13,5.08,,3.37,1858.969971
5/21/2019,1149.630005,8.13,46.650002,184.820007,13.21,5.1,,3.45,1857.52002
5/22/2019,1151.420044,7.9,45.695,185.320007,13.04,5.13,,3.3,1859.680054
5/23/2019,1140.77002,7.7,44.915001,180.869995,12.95,4.97,,3.24,1815.47998
5/24/2019,1133.469971,7.82,44.7425,181.059998,12.69,5.12,,3.58,1823.280029
5/28/2019,1134.150024,7.74,44.557499,184.309998,12.5,5.01,,3.44,1836.430054
5/29/2019,1116.459961,7.57,44.345001,182.190002,12.06,5.04,,3.17,1819.189941
5/30/2019,1117.949951,7.6,44.575001,183.009995,12.01,5.09,,3.2,1816.319946
5/31/2019,1103.630005,7.58,43.767502,177.470001,11.98,5.05,,3.01,1775.069946
6/3/2019,1036.22998,7.47,43.325001,164.149994,11.9,4.99,,3.09,1692.689941
6/4/2019,1053.050049,7.82,44.91,167.5,11.78,5.03,,3.18,1729.560059
6/5/2019,1042.219971,5.04,45.634998,168.169998,11.18,5.05,,3,1738.5
6/6/2019,1044.339966,5.13,46.305,168.330002,11.09,5.02,,2.67,1754.359985
6/7/2019,1066.040039,5.02,47.537498,173.350006,10.75,5.08,,2.73,1804.030029
6/10/2019,1080.380005,5.44,48.145,174.820007,10.94,4.98,,2.65,1860.630005
6/11/2019,1078.719971,5.72,48.702499,178.100006,11.04,5.16,,2.6,1863.699951
6/12/2019,1077.030029,5.5,48.547501,175.039993,10.69,5.1,,2.62,1855.319946
6/13/2019,1088.77002,5.7,48.537498,177.470001,10.95,5.08,,2.71,1870.300049
6/14/2019,1085.349976,5.63,48.185001,181.330002,10.96,4.95,,2.71,1869.670044
6/17/2019,1092.5,5.7,48.4725,189.009995,11.18,4.97,,2.73,1886.030029
6/18/2019,1103.599976,5.73,49.612499,188.470001,11.41,5.01,,2.71,1901.369995
6/19/2019,1102.329956,5.63,49.467499,187.479996,11.53,5.04,,2.68,1908.790039
6/20/2019,1111.420044,5.53,49.865002,189.529999,10.93,5.17,,2.75,1918.189941
6/21/2019,1121.880005,5.42,49.695,191.139999,10.6,5.16,,2.78,1911.300049
6/24/2019,1115.52002,5.37,49.645,192.600006,10.01,5.04,,2.74,1913.900024
6/25/2019,1086.349976,5.45,48.892502,188.839996,9.48,4.99,,2.71,1878.27002
6/26/2019,1079.800049,5.47,49.950001,187.660004,9.45,5.02,,2.67,1897.829956
6/27/2019,1076.01001,5.54,49.935001,189.5,9.49,4.97,,2.76,1904.280029
6/28/2019,1080.910034,5.47,49.48,193,9.33,5.01,,2.73,1893.630005
7/1/2019,1097.949951,5.36,50.387501,193,9.27,5.03,,2.7,1922.189941
7/2/2019,1111.25,5.38,50.682499,195,9.21,5.06,,2.64,1934.310059
7/3/2019,1121.579956,5.31,51.102501,197.199997,9.1,5.12,,2.57,1939
7/5/2019,1131.589966,5.52,51.057499,196.399994,9.4,5.06,,2.61,1942.910034
7/8/2019,1116.349976,5.45,50.005001,195.759995,8.86,5.04,,2.59,1952.319946
7/9/2019,1124.829956,5.31,50.310001,199.210007,8.91,5.03,,2.57,1988.300049
7/10/2019,1140.47998,5.18,50.807499,202.729996,9.22,5.06,,2.55,2017.410034
7/11/2019,1144.209961,4.84,50.4375,201.229996,9.45,5.06,,2.52,2001.069946
7/12/2019,1144.900024,4.91,50.825001,204.869995,9.46,5.1,,2.6,2011
7/15/2019,1150.339966,4.75,51.302502,203.910004,9.49,5.1,,2.6,2020.98999
7/16/2019,1153.579956,4.63,51.125,203.839996,9.78,5.12,,2.67,2009.900024
7/17/2019,1146.349976,4.38,50.837502,201.800003,9.81,5.16,,2.54,1992.030029
7/18/2019,1146.329956,4.2,51.415001,200.779999,9.62,5.14,,2.46,1977.900024
7/19/2019,1130.099976,4.32,50.647499,198.360001,10.54,5.14,,2.45,1964.52002
7/22/2019,1138.069946,4.14,51.805,202.320007,10.41,5.12,,2.45,1985.630005
7/23/2019,1146.209961,4.09,52.209999,202.360001,10.3,5.17,,2.4,1994.48999
7/24/2019,1137.810059,4.08,52.1675,204.660004,10.78,5.18,,2.45,2000.810059
7/25/2019,1132.119995,3.98,51.755001,200.710007,10.94,5.7,,2.43,1973.819946
7/26/2019,1250.410034,4.01,51.935001,199.75,11.25,5.72,,2.37,1943.050049
7/29/2019,1239.410034,4.12,52.419998,195.940002,11.45,5.65,,2.35,1912.449951
7/30/2019,1225.140015,4.03,52.195,197.039993,11.74,5.47,,2.35,1898.530029
7/31/2019,1216.680054,4.02,53.259998,194.229996,11.83,5.41,,2.47,1866.780029
8/1/2019,1209.01001,3.84,52.107498,192.729996,11.26,5.37,,2.27,1855.319946
8/2/2019,1193.98999,3.78,51.005001,189.020004,11.62,5.4,,2.19,1823.23999
8/5/2019,1152.319946,3.71,48.334999,181.729996,11.1,5.29,,2.16,1765.130005
8/6/2019,1169.949951,3.81,49.25,184.509995,11.32,5.35,,2.21,1787.829956
8/7/2019,1173.98999,3.81,49.759998,185.149994,11.35,5.32,,2.12,1793.400024
8/8/2019,1204.800049,3.89,50.857498,190.160004,12.01,5.4,,2.2,1832.890015
8/9/2019,1188.01001,3.59,50.247501,187.850006,12.18,5.41,,2,1807.579956
8/12/2019,1174.709961,3.51,50.119999,185.369995,11.76,5.31,,1.97,1784.920044
8/13/2019,1197.27002,3.47,52.2425,188.449997,11.67,5.33,,2.07,1824.339966
8/14/2019,1164.290039,3.32,50.6875,179.710007,10.75,5.12,,1.91,1762.959961
8/15/2019,1167.26001,3.21,50.435001,182.589996,10.84,5.06,,1.86,1776.119995
8/16/2019,1177.599976,3.32,51.625,183.699997,11.15,5.17,,1.97,1792.569946
8/19/2019,1198.449951,3.38,52.587502,186.169998,11.39,5.23,,2.02,1816.119995
8/20/2019,1182.689941,3.42,52.59,183.809998,11.34,5.15,,1.93,1801.380005
8/21/2019,1191.25,3.54,53.16,183.550003,11.41,5.17,,2.06,1823.540039
8/22/2019,1189.530029,3.87,53.115002,182.039993,11.51,5.07,,2.11,1804.660034
8/23/2019,1151.290039,3.65,50.66,177.75,11.01,5.01,,1.94,1749.619995
8/26/2019,1168.890015,3.82,51.622501,180.360001,11.31,5,,2.02,1768.869995
8/27/2019,1167.839966,3.7,51.040001,181.300003,10.86,4.94,,1.86,1761.829956
8/28/2019,1171.02002,3.88,51.3825,181.759995,11.25,4.89,,2.26,1764.25
8/29/2019,1192.849976,4.23,52.252499,185.570007,11.3,4.92,,2.26,1786.400024
8/30/2019,1188.099976,3.97,52.185001,185.669998,11.11,4.96,,2.12,1776.290039
9/3/2019,1168.390015,3.81,51.424999,182.389999,11.4,4.87,,2.04,1789.839966
9/4/2019,1181.410034,3.98,52.297501,187.139999,11.71,4.91,,1.99,1800.619995
9/5/2019,1211.380005,4.23,53.32,190.899994,12.02,4.97,,2.1,1840.719971
9/6/2019,1204.930054,4.31,53.314999,187.490005,11.52,5.01,,2.23,1833.51001
9/9/2019,1204.410034,4.76,53.5425,188.759995,11.68,5.02,,2.6,1831.349976
9/10/2019,1206,5.09,54.174999,186.169998,11.65,5.1,,3.07,1820.550049
9/11/2019,1220.170044,4.59,55.897499,188.490005,11.74,5.1,,3.2,1822.98999
9/12/2019,1234.25,4.58,55.772499,187.470001,11.7,5.24,,3.3,1843.550049
9/13/2019,1239.560059,4.41,54.6875,187.190002,11.96,5.18,,3.09,1839.339966
9/16/2019,1231.300049,4.35,54.974998,186.220001,11.91,5.12,,3.21,1807.839966
9/17/2019,1229.150024,4.33,55.174999,188.080002,11.49,5.15,,3.11,1822.550049
9/18/2019,1232.410034,4.6,55.692501,188.139999,11.17,5.14,,2.87,1817.459961
9/19/2019,1238.709961,4.44,55.240002,190.139999,10.77,5.15,,2.64,1821.5
9/20/2019,1229.930054,4.7,54.432499,189.929993,10.85,5.29,,2.72,1794.160034
9/23/2019,1234.030029,5.02,54.68,186.820007,10.72,5.18,,2.74,1785.300049
9/24/2019,1218.76001,5.01,54.419998,181.279999,10.71,5.1,,2.72,1741.609985
9/25/2019,1246.52002,5.2,55.2575,182.800003,10.81,5.07,,2.92,1768.329956
9/26/2019,1241.390015,5.28,54.9725,180.110001,10.82,4.99,,3.03,1739.839966
9/27/2019,1225.089966,5.34,54.705002,177.100006,10.78,5.04,,3.32,1725.449951
9/30/2019,1219,5.52,55.9925,178.080002,10.7,5.06,,3.44,1735.910034
10/1/2019,1205.099976,5.58,56.147499,175.809998,10.62,4.91,,3.38,1735.650024
10/2/2019,1176.630005,5.32,54.740002,174.600006,10.22,4.82,,3.14,1713.22998
10/3/2019,1187.829956,5.42,55.205002,179.380005,9.93,4.84,,3.07,1724.420044
10/4/2019,1209,5.55,56.752499,180.449997,9.82,4.89,,2.96,1739.650024
10/7/2019,1207.680054,5.49,56.764999,179.679993,9.78,4.91,,3.05,1732.660034
10/8/2019,1189.130005,5.23,56.099998,177.75,9.83,4.9,,2.89,1705.51001
10/9/2019,1202.310059,4.99,56.7575,179.850006,9.39,4.91,,2.81,1721.98999
10/10/2019,1208.670044,5.05,57.522499,180.029999,9.16,4.94,,2.89,1720.26001
10/11/2019,1215.449951,5.37,59.052502,184.190002,9.22,5.02,,2.95,1731.920044
10/14/2019,1217.140015,5.58,58.967499,183.279999,8.95,4.95,,2.82,1736.430054
10/15/2019,1243.01001,5.61,58.830002,188.889999,9.17,5.01,,3.15,1767.380005
10/16/2019,1243.640015,5.88,58.592499,189.550003,9.34,5.09,,3.22,1777.430054
10/17/2019,1253.069946,6.03,58.82,190.389999,9.34,5.23,,3.29,1787.47998
10/18/2019,1245.48999,5.94,59.102501,185.850006,9.36,5.2,,3.4,1757.51001
10/21/2019,1246.150024,5.93,60.127499,189.759995,9.22,5.2,,3.42,1785.660034
10/22/2019,1242.800049,6.39,59.990002,182.339996,9.76,5.18,,3.49,1765.72998
10/23/2019,1259.130005,6.43,60.794998,186.149994,9.87,5.11,,3.23,1762.170044
10/24/2019,1260.98999,6.42,60.895,186.380005,9.6,3.9,,3.15,1780.780029
10/25/2019,1265.130005,6.35,61.645,187.889999,9.72,3.78,,3.24,1761.329956
10/28/2019,1290,6.19,62.262501,189.399994,9.91,3.59,,3.26,1777.079956
10/29/2019,1262.619995,5.81,60.822498,189.309998,9.81,3.55,,3.32,1762.709961
10/30/2019,1261.290039,5.73,60.814999,188.25,9.4,3.65,,3.3,1779.98999
10/31/2019,1260.109985,5.44,62.189999,191.649994,9.37,3.65,,3.22,1776.660034
11/1/2019,1273.73999,5.84,63.955002,193.619995,9.62,3.66,,3.3,1791.439941
11/4/2019,1291.369995,5.85,64.375,194.720001,9.75,3.61,,3.44,1804.660034
11/5/2019,1292.030029,5.91,64.282501,194.320007,9.78,3.54,,3.81,1801.709961
11/6/2019,1291.800049,6.09,64.309998,191.550003,9.69,3.59,,4.01,1795.77002
11/7/2019,1308.859985,6.22,64.857498,190.419998,9.24,3.57,,4.15,1788.199951
11/8/2019,1311.369995,6.09,65.035004,190.839996,9.62,3.57,,4.06,1785.880005
11/11/2019,1299.189941,6.02,65.550003,189.610001,9.54,3.53,,3.95,1771.650024
11/12/2019,1298.800049,5.92,65.489998,194.470001,9.28,3.51,,3.97,1778
11/13/2019,1298,5.94,66.1175,193.190002,8.8,3.47,,3.93,1753.109985
11/14/2019,1311.459961,5.98,65.660004,193.149994,8.88,3.37,,3.81,1754.599976
11/15/2019,1334.869995,5.88,66.440002,195.100006,8.76,3.45,,3.83,1739.48999
11/18/2019,1320.699951,5.62,66.775002,197.399994,8.47,3.45,,3.71,1752.530029
11/19/2019,1315.459961,5.5,66.572502,199.320007,8.47,3.43,,3.62,1752.790039
11/20/2019,1303.050049,5.46,65.797501,197.509995,8.13,3.35,,3.24,1745.530029
11/21/2019,1301.349976,5.5,65.502502,197.929993,7.94,3.38,,3.15,1734.709961
11/22/2019,1295.339966,5.66,65.445,198.820007,7.96,3.43,,3.39,1745.719971
11/25/2019,1306.689941,6.03,66.592499,199.789993,8.38,3.47,,3.67,1773.839966
11/26/2019,1313.550049,6.1,66.072502,198.970001,7.9,3.43,,3.92,1796.939941
11/27/2019,1312.98999,6.35,66.959999,202,8.43,3.46,,3.98,1818.51001
11/29/2019,1304.959961,6.34,66.8125,201.639999,8.18,3.5,,3.93,1800.800049
12/2/2019,1289.920044,6.17,66.040001,199.699997,8.67,3.46,,3.64,1781.599976
12/3/2019,1295.280029,6.12,64.862503,198.820007,8.27,3.47,,3.55,1769.959961
12/4/2019,1320.540039,6.43,65.434998,198.710007,7.93,3.45,,3.91,1760.689941
12/5/2019,1328.130005,6.4,66.394997,199.360001,7.87,3.48,,5,1740.47998
12/6/2019,1340.619995,6.68,67.677498,201.050003,8.05,3.48,,5.49,1751.599976
12/9/2019,1343.560059,6.33,66.730003,201.339996,8.23,3.42,,5.99,1749.51001
12/10/2019,1344.660034,6.51,67.120003,200.869995,8.1,3.42,,6.15,1739.209961
12/11/2019,1345.02002,5.53,67.692497,202.259995,8.16,3.47,,5.55,1748.719971
12/12/2019,1350.27002,5.58,67.864998,196.75,8.3,3.57,,5.64,1760.329956
12/13/2019,1347.829956,5.45,68.787498,194.110001,8.22,3.52,,5.25,1760.939941
12/16/2019,1361.170044,5.5,69.964996,197.919998,8.35,3.59,,4.94,1769.209961
12/17/2019,1355.119995,6.06,70.102501,198.389999,8.12,3.6,,4.87,1790.660034
12/18/2019,1352.619995,6.16,69.934998,202.5,7.96,3.6,,5.01,1784.030029
12/19/2019,1356.040039,6.06,70.004997,206.059998,7.8,3.59,,4.85,1792.280029
12/20/2019,1349.589966,5.99,69.860001,206.300003,7.73,3.61,,4.9,1786.5
12/23/2019,1348.839966,5.61,71,206.179993,7.32,3.64,,4.96,1793
12/24/2019,1343.560059,5.44,71.067497,205.119995,7.51,3.63,,4.9,1789.209961
12/26/2019,1360.400024,5.4,72.477501,207.789993,7.34,3.62,,4.93,1868.77002
12/27/2019,1351.890015,5.9,72.449997,208.100006,7.3,3.63,,4.78,1869.800049
12/30/2019,1336.140015,6.13,72.879997,204.410004,7.24,3.69,,4.8,1846.890015
12/31/2019,1337.02002,6.08,73.412498,205.25,7.24,3.71,,4.87,1847.839966
1/2/2020,1367.369995,6.31,75.087502,209.779999,7.46,3.87,,4.81,1898.01001
1/3/2020,1360.660034,5.88,74.357498,208.669998,7.32,3.81,,4.7,1874.969971
1/6/2020,1394.209961,5.85,74.949997,212.600006,7.12,3.94,,5,1902.880005
1/7/2020,1393.339966,5.52,74.597504,213.059998,7.13,3.95,,5.05,1906.859985
1/8/2020,1404.319946,5.72,75.797501,215.220001,6.62,4.02,,5.09,1891.969971
1/9/2020,1419.829956,5.55,77.407501,218.300003,6.46,4.01,,4.88,1901.050049
1/10/2020,1429.72998,5.43,77.582497,218.059998,6.47,4.02,,4.66,1883.160034
1/13/2020,1439.22998,5.43,79.239998,221.910004,6.56,4.06,,4.68,1891.300049
1/14/2020,1430.880005,4.71,78.169998,219.059998,6.85,4.01,,4.77,1869.439941
1/15/2020,1439.199951,4.61,77.834999,221.149994,7.11,4.06,,4.72,1862.02002
1/16/2020,1451.699951,4.62,78.809998,221.770004,7.33,4.2,,4.85,1877.939941
1/17/2020,1480.390015,4.75,79.682503,222.139999,7.28,4.14,,4.58,1864.719971
1/21/2020,1484.400024,4.59,79.142502,221.440002,7.18,4.13,,4.15,1892
1/22/2020,1485.949951,4.56,79.425003,221.320007,6.97,4.09,,5.01,1887.459961
1/23/2020,1486.650024,4.62,79.807503,219.759995,6.8,4.06,,5.05,1884.579956
1/24/2020,1466.709961,4.32,79.577499,217.940002,6.74,4.05,,4.83,1861.640015
1/27/2020,1433.900024,4.28,77.237503,214.869995,6.36,3.94,,4.78,1828.339966
1/28/2020,1452.560059,4.21,79.422501,217.789993,6.79,4.02,,4.58,1853.25
1/29/2020,1458.630005,4.13,81.084999,223.229996,6.77,3.91,,4.32,1858
1/30/2020,1455.839966,3.93,80.967499,209.529999,6.84,3.96,,4.18,1870.680054
1/31/2020,1434.22998,3.84,77.377502,201.910004,6.52,3.88,,4.01,2008.719971
2/3/2020,1485.939941,3.95,77.165001,204.190002,6.45,3.88,,4.15,2004.199951
2/4/2020,1447.069946,4.07,79.712502,209.830002,6.65,3.96,,4.39,2049.669922
2/5/2020,1448.22998,4.18,80.362503,210.110001,7,4.03,,4.52,2039.869995
2/6/2020,1476.22998,4.14,81.302498,210.850006,6.75,4.2,,4.54,2050.22998
2/7/2020,1479.22998,3.81,80.0075,212.330002,6.55,4.37,,4.23,2079.280029
2/10/2020,1508.680054,3.94,80.387497,213.059998,6.79,4.26,,4.24,2133.909912
2/11/2020,1508.790039,4.02,79.902496,207.190002,6.94,4.41,,4.33,2150.800049
2/12/2020,1518.27002,4.19,81.800003,210.759995,6.86,4.41,,4.47,2160
2/13/2020,1514.660034,4.11,81.217499,213.139999,7,4.34,,4.33,2149.870117
2/14/2020,1520.73999,4.02,81.237503,214.179993,7.1,4.33,,4.37,2134.870117
2/18/2020,1519.670044,4.06,79.75,217.800003,7.04,4.25,,4.32,2155.669922
2/19/2020,1526.689941,4.15,80.904999,217.490005,7.31,4.2,,4.36,2170.219971
2/20/2020,1518.150024,4.14,80.074997,214.580002,7.76,4.16,,4.58,2153.100098
2/21/2020,1485.109985,4.04,78.262497,210.179993,7.46,4.16,,4.46,2095.969971
2/24/2020,1421.589966,3.7,74.544998,200.720001,7.05,4.02,,4.09,2009.290039
2/25/2020,1388.449951,3.56,72.019997,196.770004,6.55,3.91,,3.9,1972.73999
2/26/2020,1393.180054,3.39,73.162498,197.199997,5.93,4.15,,3.78,1979.589966
2/27/2020,1318.089966,3.47,68.379997,189.75,6.09,3.96,,3.8,1884.300049
2/28/2020,1339.329956,3.6,68.339996,192.470001,6.26,3.87,,3.7,1883.75
3/2/2020,1389.109985,3.83,74.702499,196.440002,6.11,3.93,,3.49,1953.949951
3/3/2020,1341.390015,3.63,72.330002,185.889999,5.81,3.79,,3.12,1908.98999
3/4/2020,1386.52002,3.77,75.684998,191.759995,5.82,3.86,,3.16,1975.829956
3/5/2020,1319.040039,3.96,73.230003,185.169998,4.92,3.66,,2.97,1924.030029
3/6/2020,1298.410034,3.92,72.2575,181.089996,4.53,3.57,,3,1901.089966
3/9/2020,1215.560059,3.7,66.542503,169.5,3.85,3.31,,2.61,1800.609985
3/10/2020,1280.390015,4.23,71.334999,178.190002,4.2,3.32,,2.48,1891.819946
3/11/2020,1215.410034,4.14,68.857498,170.240005,3.64,3.13,,2.3,1820.859985
3/12/2020,1114.910034,3.98,62.057499,154.470001,2.91,2.61,,2.19,1676.609985
3/13/2020,1219.72998,4.59,69.4925,170.279999,3.22,2.74,,2.16,1785
3/16/2020,1084.329956,4.37,60.552502,146.009995,2.6,2.42,,1.6,1689.150024
3/17/2020,1119.800049,4.23,63.215,149.419998,2.48,2.53,,1.68,1807.839966
3/18/2020,1096.800049,3.77,61.6675,146.960007,2.47,2.43,,1.57,1830
3/19/2020,1115.290039,4.19,61.195,153.130005,3.37,2.56,,1.83,1880.930054
3/20/2020,1072.319946,3.76,57.310001,149.729996,3.19,2.66,,1.72,1846.089966
3/23/2020,1056.619995,3.81,56.092499,148.100006,3.15,2.65,,1.69,1902.829956
3/24/2020,1134.459961,4.16,61.720001,160.979996,3.56,2.94,,1.67,1940.099976
3/25/2020,1102.48999,4.17,61.380001,156.210007,3.46,3.07,,1.77,1885.839966
3/26/2020,1161.75,4.41,64.610001,163.339996,3.7,3.15,,2.01,1955.48999
3/27/2020,1110.709961,4.22,61.935001,156.789993,3.6,3.01,,1.92,1900.099976
3/30/2020,1146.819946,3.65,63.702499,165.949997,3.04,3.05,,1.64,1963.949951
3/31/2020,1162.810059,3.5,63.572498,166.800003,3.16,3.1,,1.49,1949.719971
4/1/2020,1105.619995,3.25,60.227501,159.600006,2.62,2.97,,1.36,1907.699951
4/2/2020,1120.839966,2.85,61.232498,158.190002,2.24,3.04,,1.39,1918.829956
4/3/2020,1097.880005,2.8,60.352501,154.179993,2.27,2.97,,1.32,1906.589966
4/6/2020,1186.920044,3.09,65.6175,165.550003,2.88,3.16,,1.46,1997.589966
4/7/2020,1186.51001,3.27,64.857498,168.830002,3.14,3.16,,1.66,2011.599976
4/8/2020,1210.280029,3.41,66.517502,174.279999,3.3,3.24,,2.12,2043
4/9/2020,1211.449951,3.89,66.997498,175.190002,2.6,3.27,,2.58,2042.76001
4/13/2020,1217.560059,4.74,68.3125,174.789993,2.08,3.25,,2.04,2168.870117
4/14/2020,1269.22998,5.95,71.762497,178.169998,2.18,3.37,,2.4,2283.320068
4/15/2020,1262.469971,5.27,71.107498,176.970001,2.41,3.23,,2,2307.679932
4/16/2020,1263.469971,5.03,71.672501,176.25,2.44,3.46,,1.98,2408.189941
4/17/2020,1283.25,4.88,70.699997,179.240005,3.2,3.48,,2.01,2375
4/20/2020,1266.609985,5.61,69.232498,178.240005,3.18,3.44,,1.92,2393.610107
4/21/2020,1216.339966,4.78,67.092499,170.800003,3.25,3.36,,1.83,2328.120117
4/22/2020,1263.209961,4.89,69.025002,182.279999,3.18,3.38,,1.69,2363.48999
4/23/2020,1276.310059,4.7,68.7575,185.130005,3.11,3.39,,1.63,2399.449951
4/24/2020,1279.310059,4.77,70.7425,190.070007,3.05,3.39,,1.65,2410.219971
4/27/2020,1275.880005,5.82,70.792503,187.5,3.36,3.46,,1.78,2376
4/28/2020,1233.670044,5.64,69.644997,182.910004,4.14,3.41,,2.07,2314.080078
4/29/2020,1341.47998,6.04,71.932503,194.190002,5.19,3.51,,2.04,2372.709961
4/30/2020,1348.660034,5.73,73.449997,204.710007,4.92,3.58,,2.07,2474
5/1/2020,1320.609985,6.05,72.267502,202.270004,4.57,3.6,,1.92,2286.040039
5/4/2020,1326.800049,5.48,73.290001,205.259995,4.3,3.55,,1.81,2315.98999
5/5/2020,1351.109985,5.39,74.389999,207.070007,3.89,3.46,,1.72,2317.800049
5/6/2020,1347.300049,4.93,75.157501,208.470001,3.92,3.46,,1.6,2351.26001
5/7/2020,1372.560059,4.87,75.934998,211.259995,3.99,3.55,,1.7,2367.610107
5/8/2020,1388.369995,4.98,77.532501,212.350006,4.1,3.58,,1.8,2379.610107
5/11/2020,1403.26001,4.76,78.752502,213.179993,5.32,3.57,,1.75,2409
5/12/2020,1375.73999,4.54,77.852501,210.100006,5.12,3.57,,1.64,2356.949951
5/13/2020,1349.329956,4.21,76.912498,205.100006,4.6,3.44,,1.59,2367.919922
5/14/2020,1356.130005,4.13,77.385002,206.809998,4.55,3.42,,1.6,2388.850098
5/15/2020,1373.189941,4.22,76.927498,210.880005,4.52,3.45,,1.67,2409.780029
5/18/2020,1383.939941,4.58,78.739998,213.190002,4.72,3.65,,1.81,2426.26001
5/19/2020,1373.484985,4.44,78.285004,216.880005,4.56,3.69,,1.75,2449.330078
5/20/2020,1406.719971,4.43,79.807503,229.970001,4.66,3.82,,1.77,2497.939941
5/21/2020,1402.800049,4.44,79.212502,231.389999,4.63,3.77,,1.91,2446.73999
5/22/2020,1410.420044,4.18,79.722504,234.910004,4.58,3.85,,1.87,2436.879883
5/26/2020,1417.02002,4.42,79.182503,232.199997,5.11,3.85,,1.95,2421.860107
5/27/2020,1417.839966,4.69,79.527496,229.139999,5.6,3.91,,2.08,2410.389893
5/28/2020,1416.72998,4.33,79.5625,225.460007,5.07,3.92,,2.02,2401.100098
5/29/2020,1428.920044,4.06,79.485001,225.089996,5.13,3.95,,1.96,2442.370117
6/1/2020,1431.819946,4.13,80.462502,231.910004,5.31,4.2,,1.86,2471.040039
6/2/2020,1439.219971,4.18,80.834999,232.720001,5.59,4.31,,2.03,2472.409912
6/3/2020,1436.380005,4.44,81.279999,230.160004,5.45,4.37,,1.87,2478.399902
6/4/2020,1412.180054,4.47,80.580002,226.289993,5.38,4.28,,1.89,2460.600098
6/5/2020,1438.390015,4.14,82.875,230.770004,5.91,4.46,,2.05,2483
6/8/2020,1446.609985,5.01,83.364998,231.399994,6.45,4.52,,2.55,2524.060059
6/9/2020,1456.160034,4.96,85.997498,238.669998,5.99,4.42,,2.49,2600.860107
6/10/2020,1465.849976,5.07,88.209999,236.729996,6.29,4.45,,2.2,2647.449951
6/11/2020,1403.839966,4.37,83.974998,224.429993,5.17,4.11,,1.88,2557.959961
6/12/2020,1413.180054,4.72,84.699997,228.580002,5.89,4.2,,1.95,2545.02002
6/15/2020,1419.849976,4.69,85.747498,232.5,5.8,4.28,,1.86,2572.679932
6/16/2020,1442.719971,4.64,88.019997,235.649994,5.56,4.34,,1.92,2615.27002
6/17/2020,1451.119995,4.76,87.897499,235.529999,5.42,4.41,,1.88,2640.97998
6/18/2020,1435.959961,4.95,87.932503,235.940002,5.63,4.37,,1.85,2653.97998
6/19/2020,1431.719971,4.88,87.43,238.789993,5.52,4.33,,1.87,2675.01001
6/22/2020,1451.859985,4.87,89.717499,239.220001,5.33,4.33,,1.82,2713.820068
6/23/2020,1464.410034,4.83,91.6325,242.240005,5.1,4.33,,1.72,2764.409912
6/24/2020,1431.969971,4.41,90.014999,234.020004,4.79,4.2,,1.56,2734.399902
6/25/2020,1441.329956,4.46,91.209999,235.679993,4.27,4.45,,1.53,2754.580078
6/26/2020,1359.900024,4.35,88.407501,216.080002,4.18,4.34,,1.42,2692.870117
6/29/2020,1394.969971,4.38,90.445,220.639999,4.42,4.35,,1.51,2680.379883
6/30/2020,1413.609985,4.34,91.199997,227.070007,4.29,4.4,,1.54,2758.820068
7/1/2020,1438.040039,4.44,91.027496,237.550003,4.57,4.35,,1.44,2878.699951
7/2/2020,1464.699951,4.29,91.027496,233.419998,4.53,4.44,,1.42,2890.300049
7/6/2020,1495.699951,4.24,93.462502,240.279999,4.28,4.6,,1.38,3057.040039
7/7/2020,1485.180054,4.09,93.172501,240.860001,4.13,4.31,,1.3,3000.120117
7/8/2020,1496,4.26,95.342499,243.580002,4.43,4.15,,1.4,3081.110107
7/9/2020,1510.98999,4.21,95.752502,244.5,4.57,4.17,,1.5,3182.629883
7/10/2020,1541.73999,4.34,95.919998,245.070007,4.6,4.12,,1.53,3200
7/13/2020,1511.339966,4.26,95.477501,239,4.26,4.18,,1.39,3104
7/14/2020,1520.579956,4.08,97.057503,239.729996,4.22,4.32,,1.38,3084
7/15/2020,1513.640015,4.19,97.724998,240.279999,4.5,4.33,,1.42,3008.870117
7/16/2020,1518,4.17,96.522499,240.929993,4.38,4.24,,1.42,2999.899902
7/17/2020,1515.550049,3.96,96.327499,242.029999,4.27,4.39,,1.39,2961.969971
7/20/2020,1565.719971,3.85,98.357498,245.419998,4.15,4.45,,1.33,3196.840088
7/21/2020,1558.420044,4.01,97,241.75,4.15,4.43,,1.31,3138.290039
7/22/2020,1568.48999,4.11,97.272499,239.869995,4.03,4.5,,1.27,3099.909912
7/23/2020,1515.680054,4.11,92.845001,232.600006,4.06,4.37,,1.24,2986.550049
7/24/2020,1511.869995,4.03,92.614998,230.710007,4,4.3,,1.21,3008.909912
7/27/2020,1530.199951,4.01,94.809998,233.5,3.87,4.34,,1.15,3055.209961
7/28/2020,1500.339966,3.94,93.252502,230.119995,4.15,4.28,,1.14,3000.330078
7/29/2020,1522.02002,4.06,95.040001,233.289993,4.16,4.34,,1.09,3033.530029
7/30/2020,1531.449951,4.1,96.190002,234.5,4.12,4.45,,1.11,3051.879883
7/31/2020,1482.959961,4.01,106.260002,253.669998,4.04,4.78,,1.01,3164.679932
8/3/2020,1474.449951,4.15,108.9375,251.960007,4.11,5.06,,1.02,3111.889893
8/4/2020,1464.969971,4.43,109.665001,249.830002,4.1,5.1,,1.16,3138.830078
8/5/2020,1473.609985,4.63,110.0625,249.119995,4.15,5,,1.14,3205.030029
8/6/2020,1500.099976,4.43,113.902496,265.279999,4.14,5,,1.11,3225
8/7/2020,1494.48999,4.16,111.112503,268.440002,4.75,4.98,,1.14,3167.459961
8/10/2020,1496.099976,4.33,112.727501,263,4.47,4.91,,1.23,3148.159912
8/11/2020,1480.319946,4.35,109.375,256.130005,4.56,4.96,,1.24,3080.669922
8/12/2020,1506.619995,4.52,113.010002,259.890015,4.64,5.05,,1.19,3162.23999
8/13/2020,1518.449951,4.64,115.010002,261.299988,5.31,5.06,,1.24,3161.02002
8/14/2020,1507.72998,4.75,114.907501,261.23999,5.54,5,,1.24,3148.02002
8/17/2020,1517.97998,4.63,114.607498,261.160004,5.6,5.07,,1.27,3182.409912
8/18/2020,1558.599976,4.81,115.5625,262.339996,5.35,5.09,,1.21,3312.48999
8/19/2020,1547.530029,4.72,115.707497,262.589996,5.39,5.04,,1.14,3260.47998
8/20/2020,1581.75,4.61,118.275002,269.01001,5.69,5.05,,1.1,3297.370117
8/21/2020,1580.420044,5.03,124.370003,267.01001,5.19,4.97,,1.05,3284.719971
8/24/2020,1588.199951,4.87,125.857498,271.390015,5.41,5.03,,1.05,3307.459961
8/25/2020,1608.219971,4.98,124.824997,280.820007,5.54,5.04,,1.13,3346.48999
8/26/2020,1652.380005,5.11,126.522499,303.910004,5.6,5.05,,1.08,3441.850098
8/27/2020,1634.329956,5.25,125.010002,293.220001,6.52,5.01,,1.05,3400
8/28/2020,1644.410034,5.39,124.807503,293.660004,6.3,4.97,,1.09,3401.800049
8/31/2020,1634.180054,6.68,129.039993,293.200012,5.88,4.9,,1.11,3450.959961
9/1/2020,1660.709961,7.65,134.179993,295.440002,6.07,4.73,,1.05,3499.120117
9/2/2020,1728.280029,7.71,131.399994,302.5,7.04,4.78,,1.04,3531.449951
9/3/2020,1641.839966,7.82,120.879997,291.119995,6.6,4.53,,1.02,3368
9/4/2020,1591.040039,7.65,120.959999,282.730011,7.02,4.48,,0.98,3294.620117
9/8/2020,1532.390015,7.7,112.82,271.160004,6.42,4.1,,0.92,3149.840088
9/9/2020,1556.959961,7.35,117.32,273.720001,6.26,4.14,,0.92,3268.610107
9/10/2020,1532.02002,6.23,113.489998,268.089996,5.94,4.1,,0.9,3175.110107
9/11/2020,1520.719971,6.09,112,266.609985,5.79,4.1,,0.88,3116.219971
9/14/2020,1519.280029,6.91,115.360001,266.149994,5.54,4.09,,0.97,3102.969971
9/15/2020,1541.439941,7.09,115.540001,272.420013,5.52,4.16,,0.95,3156.129883
9/16/2020,1520.900024,8.68,112.129997,263.519989,5.76,4.13,,0.95,3078.100098
9/17/2020,1495.530029,9.2,110.339996,254.820007,5.72,4.14,,0.97,3008.72998
9/18/2020,1459.98999,9.47,106.839996,252.529999,5.67,4.09,,0.9,2954.909912
9/21/2020,1431.160034,8.75,110.080002,248.149994,5.32,3.96,,0.81,2960.469971
9/22/2020,1465.459961,10.56,111.809998,254.75,5.21,3.98,,0.77,3128.98999
9/23/2020,1415.209961,10.04,107.120003,249.020004,4.78,3.88,,0.7,2999.860107
9/24/2020,1428.290039,9.14,108.220001,249.529999,4.61,3.84,,0.71,3019.790039
9/25/2020,1444.959961,10.02,112.279999,254.820007,4.88,3.78,,0.68,3095.129883
9/28/2020,1464.52002,10.09,114.959999,256.820007,4.91,3.9,,0.67,3174.050049
9/29/2020,1469.329956,10.35,114.089996,261.790009,4.86,3.95,,0.61,3144.879883
9/30/2020,1469.599976,10.2,115.809998,261.899994,4.71,3.91,,0.61,3148.72998
10/1/2020,1490.089966,9.77,116.790001,266.630005,4.65,3.87,,0.8,3221.26001
10/2/2020,1458.420044,9.39,113.019997,259.940002,4.65,3.82,,0.82,3125
10/5/2020,1486.02002,9.46,116.5,264.649994,4.13,3.93,,0.76,3199.199951
10/6/2020,1453.439941,9.13,113.160004,258.660004,4.06,3.91,,0.66,3099.959961
10/7/2020,1460.290039,9.36,115.080002,258.119995,4.04,3.9,,0.7,3195.689941
10/8/2020,1485.930054,13.49,114.970001,263.76001,4.14,3.95,,0.73,3190.550049
10/9/2020,1515.219971,12.02,116.970001,264.450012,4.05,4.03,,0.75,3286.649902
10/12/2020,1569.150024,11.8,124.400002,275.75,4.08,4.03,,0.76,3442.929932
10/13/2020,1571.680054,11.88,121.099998,276.140015,3.54,4.04,,0.72,3443.629883
10/14/2020,1568.079956,12.25,121.190002,271.820007,2.96,4.08,,0.74,3363.709961
10/15/2020,1559.130005,13.83,120.709999,266.720001,2.78,4.04,,0.75,3338.649902
10/16/2020,1573.01001,13.31,119.019997,265.929993,3.04,4.03,,0.75,3272.709961
10/19/2020,1534.609985,13.91,115.980003,261.399994,3.54,4.18,,0.75,3207.209961
10/20/2020,1555.930054,13.86,117.510002,267.559998,3.09,4.2,,0.72,3217.01001
10/21/2020,1593.310059,14.1,116.870003,278.730011,3,4.28,,0.72,3184.939941
10/22/2020,1615.329956,14.91,115.75,278.119995,3.12,4.27,,0.75,3176.399902
10/23/2020,1641,15,115.040001,284.790009,2.97,4.3,,0.77,3204.399902
10/26/2020,1590.449951,13.45,115.050003,277.109985,2.75,4.23,,0.75,3207.040039
10/27/2020,1604.26001,12.69,116.599998,283.290009,2.79,4.24,,0.71,3286.330078
10/28/2020,1516.619995,11.82,111.199997,267.670013,2.61,4.05,,0.66,3162.780029
10/29/2020,1567.23999,11.73,115.32,280.829987,2.52,3.35,,0.63,3211.01001
10/30/2020,1621.01001,10.47,108.860001,263.109985,2.36,3.37,,0.61,3036.149902
11/2/2020,1626.030029,10.75,108.769997,261.359985,2.15,3.27,,0.58,3004.47998
11/3/2020,1650.209961,11.57,110.440002,265.299988,2.34,3.39,,0.6,3048.409912
11/4/2020,1749.130005,10.91,114.949997,287.380005,2.31,3.4,,0.59,3241.159912
11/5/2020,1763.369995,11.45,119.029999,294.679993,2.46,3.54,,0.62,3322
11/6/2020,1761.75,11.86,118.690002,293.410004,2.49,3.52,,0.62,3311.370117
11/9/2020,1763,11.49,116.32,278.769989,3.77,3.65,,0.92,3143.73999
11/10/2020,1740.390015,11.1,115.970001,272.429993,3.51,3.67,,0.93,3035.02002
11/11/2020,1752.709961,11.75,119.489998,276.480011,3.13,3.75,,0.85,3137.389893
11/12/2020,1749.839966,11.13,119.209999,275.079987,2.94,3.75,,0.78,3110.280029
11/13/2020,1777.02002,11.01,119.260002,276.950012,2.97,3.81,,0.77,3128.810059
11/16/2020,1781.380005,12.06,120.300003,278.959991,3.11,3.9,,0.84,3131.060059
11/17/2020,1770.150024,11.63,119.389999,275,2.98,3.93,,0.9,3135.659912
11/18/2020,1746.780029,11.57,118.029999,271.970001,3.26,3.94,,1.02,3105.459961
11/19/2020,1763.920044,12.46,118.639999,272.940002,3.19,3.89,,1.04,3117.02002
11/20/2020,1742.189941,12.71,117.339996,269.700012,3.35,3.95,,1.14,3099.399902
11/23/2020,1734.859985,13.9,113.849998,268.429993,3.81,3.97,,1.39,3098.389893
11/24/2020,1768.880005,13.67,115.169998,276.920013,4.58,4.07,,1.54,3118.060059
11/25/2020,1771.430054,14.75,116.029999,275.589996,4.49,4.13,,1.6,3185.070068
11/27/2020,1793.189941,16.08,116.589996,277.809998,4.45,4.13,,1.59,3195.340088
11/30/2020,1760.73999,16.559999,119.050003,276.970001,4.27,4.03,,1.52,3168.040039
12/1/2020,1798.099976,15.8,122.720001,286.549988,4.15,4.06,,1.68,3220.080078
12/2/2020,1827.949951,16.58,123.080002,287.519989,4.32,4.06,,1.58,3203.530029
12/3/2020,1826.77002,16.120001,122.940002,281.850006,3.63,4.02,,1.17,3186.72998
12/4/2020,1827.98999,16.9,122.25,279.700012,3.51,4.03,,1.2,3162.580078
12/7/2020,1819.47998,16.35,123.75,285.579987,3.56,4.06,,1.1,3158
12/8/2020,1818.550049,16.940001,124.379997,283.399994,3.98,4.22,,1.13,3177.290039
12/9/2020,1784.130005,13.66,121.779999,277.920013,3.86,4.19,,1.16,3104.199951
12/10/2020,1775.329956,14.12,123.239998,277.119995,4.09,4.2,,1.12,3101.48999
12/11/2020,1781.77002,13.31,122.410004,273.549988,3.92,4.06,,1.07,3116.419922
12/14/2020,1760.060059,12.72,121.779999,274.190002,3.19,4,,1.04,3156.969971
12/15/2020,1767.77002,13.85,127.879997,275.549988,2.86,4.1,,1.05,3165.120117
12/16/2020,1763,13.85,127.809998,275.670013,2.78,3.99,,1.04,3240.959961
12/17/2020,1747.900024,14.83,128.699997,274.480011,2.85,4.06,,1.06,3236.080078
12/18/2020,1731.01001,15.63,126.660004,276.399994,2.8,4,,1.16,3201.649902
12/21/2020,1739.369995,15.53,128.229996,272.790009,2.68,3.9,,1.09,3206.179932
12/22/2020,1723.5,19.459999,131.880005,267.089996,2.59,3.88,,1.08,3206.52002
12/23/2020,1732.380005,20.57,130.960007,268.109985,2.56,3.88,,1.05,3185.27002
12/24/2020,1738.849976,20.15,131.970001,267.399994,2.51,3.89,,1.04,3172.689941
12/28/2020,1776.089966,20.99,136.690002,277,2.39,3.9,,1,3283.959961
12/29/2020,1758.719971,19.379999,134.869995,276.779999,2.29,3.93,,0.91,3322
12/30/2020,1739.52002,19.26,133.720001,271.869995,2.16,3.89,,0.95,3285.850098
12/31/2020,1751.880005,18.84,132.690002,273.160004,2.12,3.91,,0.91,3256.929932
1/4/2021,1728.23999,17.25,129.410004,268.940002,2.01,3.89,,0.93,3186.629883
1/5/2021,1740.920044,17.370001,131.009995,270.970001,1.98,4.04,,0.96,3218.51001
1/6/2021,1735.290039,18.360001,126.599998,263.309998,2.01,4.04,,1,3138.379883
1/7/2021,1787.25,18.08,130.919998,268.73999,2.05,3.99,,1.02,3162.159912
1/8/2021,1807.209961,17.690001,132.050003,267.570007,2.14,3.93,,1.04,3182.699951
1/11/2021,1766.719971,19.940001,128.979996,256.839996,2.2,3.87,,1,3114.209961
1/12/2021,1746.550049,19.950001,128.800003,251.089996,2.29,4.01,,1.05,3120.830078
1/13/2021,1754.400024,31.4,130.889999,251.639999,2.18,3.98,,1.03,3165.889893
1/14/2021,1740.180054,39.91,128.910004,245.639999,2.18,4.09,,1.28,3127.469971
1/15/2021,1736.189941,35.5,127.139999,251.360001,2.33,4.08,,1.26,3104.25
1/19/2021,1790.859985,39.360001,127.830002,261.100006,3.06,4.13,,1.21,3120.76001
1/20/2021,1886.900024,39.119999,132.029999,267.480011,2.97,4.2,,1.16,3263.379883
1/21/2021,1891.25,43.029999,136.869995,272.869995,2.98,4.22,,1.17,3306.98999
1/22/2021,1901.050049,65.010002,139.070007,274.5,3.51,4.2,,1.79,3292.22998
1/25/2021,1899.400024,76.790001,142.919998,278.01001,4.42,4.85,,4.15,3294
1/26/2021,1917.23999,147.979996,143.160004,282.049988,4.96,4.73,,3.04,3326.129883
1/27/2021,1830.790039,347.51001,142.059998,272.140015,19.9,6.55,,9.55,3232.580078
1/28/2021,1863.109985,193.600006,137.089996,265,8.63,4.69,,4.7,3237.620117
1/29/2021,1835.73999,325,131.960007,258.329987,13.26,4.56,,6,3206.199951
2/1/2021,1901.349976,225,134.139999,262.01001,13.3,4.89,,5,3342.879883
2/2/2021,1927.51001,90,134.990005,267.079987,7.82,4.53,,3.38,3380
2/3/2021,2070.070068,92.410004,133.940002,266.649994,8.97,4.7,,3.56,3312.530029
2/4/2021,2062.370117,53.5,137.389999,266.48999,7.09,4.37,,3.28,3331
2/5/2021,2098,63.77,136.759995,268.100006,6.83,4.22,,3.14,3352.149902
2/8/2021,2092.909912,60,136.910004,266.579987,6.18,4.26,,3.01,3322.939941
2/9/2021,2083.51001,50.310001,136.009995,269.450012,5.5,4.19,,2.85,3305
2/10/2021,2095.379883,51.200001,135.389999,271.869995,5.8,4.17,,2.96,3286.580078
2/11/2021,2095.889893,51.099998,135.130005,270.390015,5.61,4.1,,2.82,3262.129883
2/12/2021,2104.110107,52.400002,135.369995,270.5,5.59,4.17,,2.8,3277.709961
2/16/2021,2121.899902,49.509998,133.190002,273.970001,5.65,4.13,,2.62,3268.949951
2/17/2021,2128.310059,45.939999,130.839996,273.570007,5.55,4.11,,2.43,3308.639893
2/18/2021,2117.199951,40.689999,129.710007,269.390015,5.51,4.12,,2.47,3328.22998
2/19/2021,2101.139893,40.59,129.869995,261.559998,5.7,4.07,,2.37,3249.899902
2/22/2021,2064.879883,46,126,260.329987,6.55,3.96,,2.47,3180.73999
2/23/2021,2070.860107,44.970001,125.860001,265.859985,7.7,3.95,,2.31,3194.5
2/24/2021,2095.169922,91.709999,125.349998,264.309998,9.09,4.04,,3.25,3159.530029
2/25/2021,2031.359985,108.730003,120.989998,254.690002,8.29,4.05,,2.99,3057.159912
2/26/2021,2036.859985,101.739998,121.260002,257.619995,8.01,3.92,,2.69,3092.929932
3/1/2021,2081.51001,120.400002,127.790001,264.910004,9.18,4.04,,2.82,3146.139893
3/2/2021,2075.840088,118.18,125.120003,259,8.93,4.04,,2.65,3094.530029
3/3/2021,2026.709961,124.18,122.059998,255.410004,8.58,3.98,,2.55,3005
3/4/2021,2049.090088,132.350006,120.129997,257.640015,8.03,3.82,,2.51,2977.570068
3/5/2021,2108.540039,137.740005,121.419998,264.279999,8.05,3.88,,2.46,3000.459961
