year,AMD,GME,AAPL,FB,AMC,NOK,PLTR,EXPR,PG
1,43.27,30.120001,25.2575,105.93,28.389999,5.91,9.5,19.040001,116.059998
2,45.380001,31.290001,25.280001,107.510002,28.440001,5.92,9.46,19.66,120.550003
3,45.700001,30.440001,25.2925,107.32,28.950001,5.94,9.2,20.450001,111.589996
4,39.009998,30.75,25.565001,109.410004,29.540001,6.01,9.03,20.85,101.839996
5,43.900002,31.66,25.629999,109.889999,29.389999,6.05,9.9,20.959999,114.07
6,38.709999,30.780001,26.145,110.669998,28.879999,6.01,10,20.709999,108.5
7,41.880001,31.91,26.4925,112.18,29,6.11,10,20.68,118.239998
8,39.119999,31.360001,26.450001,111.019997,28.98,6.07,9.95,21.09,117.449997
9,39.82,30.83,26.48,111.449997,29.41,6.08,9.89,21.110001,110.830002
10,39.610001,30.85,26.477501,111.849998,28.85,6.03,9.47,21.16,102.43
11,41.639999,30.18,26.68,112.25,28.35,6.06,9.34,21.01,97.699997
12,46.220001,30.370001,26.532499,112.540001,27.969999,5.87,9.91,20.790001,103.269997
13,44.630001,30.27,26.4175,113.050003,28.059999,5.78,9.71,20.68,100.919998
14,47.5,30.09,26.297501,113.690002,28.73,5.81,9.57,20.77,107.379997
15,46.580002,31.51,26.92,116.139999,28.950001,5.89,9.27,21.139999,110.169998
16,47.860001,31.76,27.389999,114.699997,28.360001,6.03,9.2,21.15,115
17,45.48,31.73,27.247499,114.099998,27.99,5.91,9.68,21.41,110
18,43.66,31.34,27.497499,116.059998,28.639999,5.8,9.49,21.389999,109.330002
19,44.490002,30.93,27.780001,112.550003,27.83,5.83,9.95,20.969999,114.400002
20,42.59,30.290001,27.452499,112.220001,27.52,5.74,10.95,20.68,115.080002
21,47.52,30.09,27.74,113.709999,28.120001,5.85,10.85,20.65,117.809998
22,47.560001,29.120001,27.135,113.639999,27.299999,5.74,10.75,20.16,112.769997
23,48.790001,29.49,27.165001,110.629997,27.360001,6.01,10.13,19.84,115.099998
24,48.380001,29.879999,27.254999,108.989998,26.950001,5.91,10.54,19.809999,114.660004
25,50.939999,30.09,27.610001,110.610001,27.389999,5.86,10.5,19.59,115.949997
26,54.93,31.469999,28.01,110.510002,28.16,6.07,10.72,20.129999,120.959999
27,54.990002,31.65,28.025,110.839996,27.860001,6.17,11.88,19.5,121.220001
28,56.950001,31.790001,27.4625,109.639999,27.57,6.12,13.83,19.540001,121.5
29,56.599998,32.209999,26.870001,110.449997,28.219999,6.13,14.67,20.01,124.690002
30,56.970001,32.450001,26.727501,112.290001,27.75,6.25,14,19.719999,120.599998
31,52.919998,32.889999,26.782499,112.419998,27.77,6.15,15.96,19.5,119.68
32,55.919998,32.310001,26.4925,113.440002,27.459999,6.05,14.58,19,119.400002
33,55.900002,32.799999,26.42,110.559998,27.459999,6.08,15.8,19.309999,119.400002
34,56.18,32.799999,26.27,110.099998,26.99,5.92,15.93,18.309999,118.779999
35,56.490002,33.32,26.0875,108.760002,27.42,5.91,17.85,18.629999,117.449997
36,55.509998,33.380001,24.455,108.889999,28.01,5.97,17.9,18.82,116.889999
37,53.66,32.900002,23.7075,116.730003,28.23,5.92,18.98,18.24,117.080002
38,52.389999,32.799999,23.434999,117.580002,28.18,5.87,18.15,18.18,117.870003
39,49.880001,32.360001,23.41,118.57,28.889999,5.93,21.040001,18.01,116.82
40,52.560001,31.299999,23.795,117.43,28.530001,5.82,23.82,17.809999,115.769997
41,52.189999,30.74,23.547501,118.059998,28.76,5.76,29.049999,17.77,116.010002
42,52.16,30.110001,23.309999,117.809998,28.870001,5.69,27.66,17.379999,113.099998
43,51.950001,30.09,23.18,119.489998,29.15,5.67,27.110001,17.57,112.169998
44,53.189999,30.190001,23.1975,119.239998,29.15,5.69,25.67,17.75,115.949997
45,55.740002,30.52,23.355,120.5,29.93,5.31,22.51,17.450001,115.309998
46,53.759998,29.200001,23.127501,119.519997,29.65,5.28,24.030001,16.629999,114.550003
47,52.18,29.1,22.584999,120.279999,29.23,5.18,23.85,16.67,113.919998
48,54.509998,28.73,22.629999,119.809998,29.309999,5.18,28.940001,16.23,113.809998
49,54.200001,29.02,23.469999,118.669998,29.33,5.21,28.59,16.469999,114.610001
50,54.59,28.459999,23.372499,117.349998,29.309999,5.11,26.629999,15.96,116.209999
51,55.470001,28.030001,23.639999,117.650002,28.9,5.21,27.040001,15.57,112.440002
52,56.389999,28.549999,23.549999,116.809998,28.030001,5.17,27.200001,16.17,113.279999
53,54.650002,28.48,23.805,117.349998,28.23,5.21,27.24,16.139999,111.620003
54,55.169998,28.469999,24.1075,115.970001,28.15,5.22,26.43,16.290001,112.599998
55,53.189999,28.700001,24.475,117.699997,28.66,5.36,25.92,16.030001,112.029999
56,52.740002,29.73,24.905001,117.889999,28.48,5.58,27.23,14.68,113.889999
57,51.740002,29.98,25.102501,119.470001,28.530001,5.6,25.969999,14.4,116.059998
58,53.799999,28.799999,25.0875,119.379997,29.120001,5.6,28.51,14.48,115.919998
59,53.630001,29.1,24.965,118.809998,28.74,5.7,28.040001,14.54,117.25
60,53.540001,28.950001,24.615,118.779999,28.93,5.67,28.690001,14.67,118.059998
61,52.73,28.889999,24.43,118.93,28.99,5.66,27.75,14.69,118.529999
62,52.630001,28.629999,24.48,118.470001,28.58,5.69,25.629999,14.77,116.050003
63,53.099998,28.469999,24.657499,118.790001,28.190001,5.66,24.66,14.72,118.330002
64,52.970001,28.459999,24.7575,117.760002,27.91,5.7,25.1,14.87,119.050003
65,56.389999,28.23,24.735001,118.389999,27.9,5.74,23.549999,15.04,118.339996
66,57.439999,27.27,24.9125,118.559998,27.82,5.68,23.370001,14.68,119.230003
67,52.830002,26.530001,24.7075,116.620003,26.940001,5.61,24.6,14.43,116.260002
68,53.5,26.030001,24.334999,113.949997,26.530001,5.66,23.540001,14.28,115.620003
69,54.68,25.73,24.365,114.940002,26.58,5.57,25,14.08,116.690002
70,54.459999,26.129999,24.285,114.599998,26.860001,5.62,25.200001,14.38,118.129997
71,54.549999,25.93,24.387501,114.389999,27.23,5.49,25.93,14.23,117.93
72,54.040001,26.15,23.8325,113.019997,27.049999,5.52,26.18,14.31,119.279999
73,54.23,26.4,23.775,113.370003,27.4,5.56,25.5,14.52,118.919998
74,54.759998,25.84,23.977501,114.379997,27.1,5.59,24.92,14.42,117.75
75,53.990002,26,23.887501,113.910004,26.93,5.58,25.639999,14.58,117.730003
76,52.389999,26.33,24.025,115.080002,27.24,5.7,26.620001,14.5,116.419998
77,51.93,25.34,23.35,112.080002,26.940001,5.21,26.34,14.26,117.889999
78,50.099998,25.5,23.01,108.970001,26.02,5.08,25.98,14.18,115.230003
79,50.279999,26.049999,23.397499,112.699997,26.51,5.36,32.580002,14.17,117.660004
80,52.610001,26.41,23.6,114.160004,27.42,5.54,36.23,14.31,119.57
81,52.580002,26.58,23.9,114.279999,27.610001,5.69,35.369999,14.51,119.980003
82,52.34,27.059999,23.9725,114.190002,28.190001,5.66,39,14.59,120.879997
83,53.400002,26.299999,23.747499,114.199997,27.41,5.37,35.66,14.11,121.629997
84,52.93,26.469999,23.8825,116.699997,27.110001,5.34,35.18,14.25,122.220001
85,53.43,26.33,23.985001,115.849998,27.59,5.33,33.959999,14.02,122.889999
86,57.259998,27.370001,24.17,117.239998,27.59,5.45,31.02,14.38,122.480003
87,55.880001,28.450001,24.245001,117.870003,27.77,5.56,31.76,14.47,123.889999
88,53.59,28.74,24.355,117.93,29.799999,5.59,32.049999,14.58,124.050003
89,54.720001,28.85,24.217501,116.779999,30.629999,5.89,34.049999,14.32,125.089996
90,55.34,28.620001,24.6975,117.290001,30.6,5.93,36.049999,14.45,124.5
91,54.919998,27.99,24.695,116.860001,30.629999,5.92,38.169998,14.36,124.760002
92,55.040001,30.190001,24.9575,119.370003,30.559999,5.85,35.700001,14.48,125.629997
93,57.459999,30.190001,24.967501,120.610001,30.49,5.71,33.110001,14.44,125.239998
94,57,31.120001,24.99,121.919998,30.059999,5.82,31.91,14.62,125.07
95,61.790001,31.01,24.8575,120.610001,30.08,5.82,27.84,14.36,126.139999
96,59.57,30.809999,24.665001,121,30.6,5.86,27.08,14.24,126.160004
97,69.400002,30.879999,24.334999,121.629997,29.92,5.81,25.17,14.59,125.959999
98,68.970001,31.25,24.1675,121.220001,29.940001,5.77,29,14.97,126.32
99,67.610001,31.32,25.737499,123.339996,29.26,5.86,28,15.04,127.879997
100,76.089996,31.17,26.084999,125,29.530001,5.75,26.75,14.92,128.309998
101,78.199997,30.950001,26.0525,123.940002,29.42,5.77,26.389999,14.96,131.419998
102,77.43,30.35,26.512501,124.309998,28.459999,5.66,23.959999,14.92,131.119995
103,77.669998,29.24,26.120001,123.089996,27.83,5.61,23.9,14.34,131.289993
104,85.040001,29.639999,26.4475,122.510002,28.23,5.69,24.809999,14.36,133.789993
105,85.309998,29.66,26.467501,124.360001,28.66,5.5,24.48,14.48,133.440002
106,86.709999,30.040001,26.870001,125.150002,29.030001,5.47,23.59,14.93,132.710007
107,84.849998,29.790001,27.092501,125.260002,28.92,5.51,24.73,15.33,133.550003
108,82.239998,29.629999,27.202499,125.059998,28.870001,5.65,23.950001,14.58,134.100006
109,76.879997,30.15,27,124.879997,29.4,5.69,,14.44,133.229996
110,82.610001,31.110001,26.9825,124.900002,29.65,5.7,,15.1,135.460007
111,81.839996,31.35,27.045,124.879997,29.799999,5.74,,14.96,135.779999
112,81.300003,31.73,27.370001,123.900002,29.709999,5.8,,15.28,135.100006
113,82.419998,31.17,27.344999,123.300003,29.75,5.78,,15.37,135.5
114,81.660004,30.82,27.305,124.370003,29.66,5.69,,15.76,136.509995
115,81.089996,31.17,27.27,123.910004,30.09,5.75,,16.110001,135.770004
116,82.769997,31.719999,27.34,123.559998,29.91,5.67,,16.209999,136.850006
117,83.809998,31.459999,27.127501,124.150002,29.66,5.65,,15.75,137.440002
118,83.080002,32.09,27.2125,124.370003,29.75,5.71,,16.030001,138.509995
119,86.349998,31.709999,27.0075,123.480003,30.1,5.75,,11.94,139.059998
120,86.019997,32.16,26.8925,123.889999,30.16,5.7,,11.73,138.389999
121,83.800003,28.74,26.735001,124.959999,29.629999,5.69,,11.44,138.210007
122,85.550003,28.969999,26.705,126.540001,29.790001,5.69,,12.01,138.770004
123,90.82,28.49,26.5,125.839996,29.82,5.74,,11.9,138.330002
124,92.18,28.389999,26.525,126.120003,30.41,5.67,,11.83,138.179993
125,90.220001,28.030001,26.682501,126.169998,30.51,5.66,,11.75,140.509995
126,82.540001,28.389999,26.932501,126.510002,30.5,5.76,,11.69,138.259995
127,82.010002,28.370001,26.924999,129.729996,30.530001,5.74,,11.69,137.960007
128,78.690002,28.129999,27.09,131.050003,30.99,5.87,,12,135.940002
129,81.910004,27.780001,26.379999,130.270004,30.83,5.83,,12.14,138.149994
130,78.980003,27.18,25.782499,127.099998,30.299999,5.7,,11.82,136.699997
131,76.339996,27.040001,26.360001,128.690002,31,5.68,,12,138.139999
132,77.900002,26.99,26.987499,127.209999,30.950001,5.6,,11.86,138.630005
133,78.93,27.030001,27.942499,127.769997,31,5.5,,11.84,138.630005
134,76.660004,27.25,28.8925,128.350006,31.610001,5.56,,11.96,137.699997
135,76.550003,27.09,28.73,129.070007,31.91,5.47,,12.26,137.520004
136,74.93,27.9,28.395,128.649994,31.84,5.51,,11.96,137.369995
137,77.940002,27.719999,28.3925,128.639999,31.77,5.5,,11.49,136.710007
138,77.699997,28.129999,28.387501,129.940002,31.5,5.58,,11.41,137.960007
139,74.730003,28.27,28.655001,130.080002,31.66,5.74,,11.79,136.309998
140,75.82,28.190001,28.1775,127.959999,31.33,5.66,,12.06,136.919998
141,78.059998,27.639999,28.219999,127.309998,30.629999,5.62,,11.77,137.619995
142,79.480003,27.43,28.272499,128.690002,31.32,5.71,,11.67,138.009995
143,81.769997,27.49,28.487499,129.229996,31.309999,5.74,,11.71,137.259995
144,81.989998,27.139999,28.045,128.089996,30.799999,5.72,,11.65,138.990005
145,84.860001,27.59,28.262501,128.270004,31.09,5.79,,11.79,139.240005
146,81.800003,27.780001,28.129999,128.770004,32.220001,5.75,,11.91,138.119995
147,86.150002,27.129999,28.25,128.190002,31.629999,5.78,,11.92,139.389999
148,84.480003,27.200001,28.262501,128.470001,31.940001,5.71,,12.29,139.610001
149,86.690002,26.68,28.4725,128.740005,32.459999,5.54,,12.61,140.699997
150,86.510002,26.68,28.514999,128.990005,32.240002,5.49,,13.01,141.649994
151,83.099998,26.83,29.012501,130.240005,32.299999,5.53,,12.75,142.919998
152,84.290001,26.049999,29.075001,128.880005,31.5,5.39,,12.55,144.490005
153,85.279999,26.120001,29.334999,129.050003,31.9,5.09,,12.61,144.210007
154,84.209999,25.469999,29.245001,127.82,31.35,4.94,,12.33,144.039993
155,83.129997,25.379999,29.407499,127.879997,31.75,4.95,,12.18,143.830002
156,83.169998,24.700001,29.387501,127.540001,31.549999,4.97,,12.01,144.389999
157,82,24.82,29.3675,128.570007,31.6,5.02,,11.71,141.910004
158,81.559998,25,29.280001,130.110001,31.549999,4.98,,11.86,142.479996
159,79.199997,25.110001,29.264999,130,31.6,5,,11.65,143.25
160,79.419998,25.01,29.15,132.070007,31.799999,4.92,,11.82,141.449997
161,81.959999,25.139999,29.4125,133.279999,32.099998,4.97,,12.11,142.380005
162,82.230003,24.75,29.5625,132.289993,31.6,4.97,,12.21,141.300003
163,78.879997,24.77,28.897499,131.039993,31.700001,5.16,,12.25,142.360001
164,76.400002,23.99,28.620001,129.690002,31.450001,4.73,,11.86,137.660004
165,78.019997,23.9,28.43,131.289993,31.35,4.56,,11.97,137.570007
166,75.290001,24.049999,28.385,130.990005,31.450001,4.48,,12.02,137.100006
167,74.699997,23.559999,27.872499,129.5,30.700001,4.44,,11.84,138.5
168,76.580002,20.93,27.897499,127.169998,30.6,4.44,,11.95,141.220001
169,81.349998,20.83,27.4575,120,30.799999,4.39,,11.75,140.639999
170,83,20.73,27.209999,120.75,31.299999,4.31,,12.17,142.380005
171,85.879997,21.24,27.602501,122.150002,32.099998,4.44,,12.41,143.229996
172,83.120003,20.91,27.764999,124.220001,32.25,4.44,,12.56,137.990005
173,77.989998,21.530001,27.719999,123.18,33.400002,4.45,,12.75,140.259995
174,81.279999,21.870001,26.9475,120.800003,33.400002,4.49,,13.24,142.070007
175,81.839996,22.32,27.1075,119.019997,34.5,4.42,,13.35,142.149994
176,81.43,22.99,26.4275,115.080002,34.5,4.31,,13.88,144.279999
177,83.730003,22.65,26.7775,117.199997,34.549999,4.14,,14.01,142.429993
178,83.360001,23.059999,27.497499,116.339996,34.5,4.12,,14.09,141.880005
179,82.540001,23.459999,27.487499,117.790001,35.5,4.15,,14.19,139.699997
180,85.540001,23.459999,27.514999,117.019997,35.049999,4.16,,13.64,139.529999
181,84.639999,23.459999,27.932501,121.769997,34.75,4.17,,13.87,139.300003
182,85.309998,24.110001,27.950001,121.470001,34.700001,4.19,,13.94,138.759995
183,85.07,26.059999,27.807501,120.839996,34.900002,4.19,,13.8,138.309998
184,86.709999,25.82,27.9475,120.379997,34.950001,4.33,,13.74,138.679993
185,87.190002,25.15,27.8925,120.410004,33.900002,4.26,,13.86,138.610001
186,92.660004,24.49,27.865,120.870003,34.549999,4.29,,13.48,138.869995
187,92.629997,24.690001,27.629999,118.419998,33.950001,4.3,,13.36,139.369995
188,93.739998,24.639999,27.372499,115.099998,33.5,4.25,,10.64,138.360001
189,92.309998,24.27,27.475,115.400002,32.25,4.23,,10.79,137.339996
190,94.040001,24.52,27.2775,117.43,33.099998,4.51,,11.17,137.470001
191,94.07,24.889999,27.487499,117.309998,33.799999,4.57,,11.49,137.679993
192,92.919998,25.940001,27.7575,117.949997,32.650002,4.7,,11.72,138.050003
193,89.830002,25.969999,28.030001,118.910004,32.099998,4.58,,12.18,136.410004
194,91.660004,26.02,28.487499,119.68,32.599998,4.62,,12.31,135.509995
195,91.650002,26.42,28.325001,117.769997,32.349998,4.63,,12.06,136.509995
196,94.779999,26.389999,28.797501,120.309998,32,4.74,,12.13,135.850006
197,97.120003,25.280001,28.797501,120.209999,31.75,4.7,,11.92,136.649994
198,96.849998,25.34,28.955,120.57,32,4.72,,11.67,137.270004
199,96.839996,25.42,28.9925,119.870003,31.9,4.88,,11.45,138.25
200,95.919998,25.9,29.16,119.239998,33.200001,4.89,,11.59,139.039993
201,93.230003,26.120001,29.237499,119.089996,33.450001,4.9,,11.73,137.520004
202,93.160004,26.389999,29.264999,119.040001,34.700001,4.76,,11.57,136.550003
203,91.550003,25.059999,29.0725,117.400002,35.099998,4.72,,11.02,136.339996
204,91.809998,25.41,29.129999,117.269997,35.299999,4.88,,10.87,137.720001
205,91.599998,25.950001,29.315001,118.010002,35.450001,4.91,,11.01,138.679993
206,90.620003,25.27,29.190001,116.919998,34.549999,4.8,,10.93,138.419998
207,92.290001,25.34,29.182501,116.349998,34.200001,4.83,,10.8,137.770004
208,91.709999,25.26,28.955,115.050003,33.650002,4.81,,10.76,139.139999
209,92.300003,25.370001,29.0375,116.860001,34.75,4.77,,10.58,137.820007
210,92.769997,25.92,29.004999,118.690002,34.200001,4.84,,10.8,138.699997
211,90.330002,25,29.1525,120.669998,34,4.9,,10.22,140.160004
212,95.160004,24.52,29.477501,123.410004,33.799999,4.92,,10.05,138.850006
213,94.580002,24.49,29.747499,124.900002,33.299999,4.83,,10.31,138.789993
214,97.25,24.639999,29.7775,124.349998,34.150002,4.84,,10.8,137.850006
215,95.360001,24.610001,29.9375,126.089996,34.299999,4.78,,10.9,137.050003
216,91.779999,24.719999,29.8125,126.620003,34,4.7,,10.76,137.259995
217,90.790001,22.73,29.76,128.339996,34.25,4.75,,10.74,135.800003
218,88.209999,23.34,30,127.870003,33.900002,4.74,,11,134.779999
219,89.449997,23.49,29.997499,127.919998,33.799999,4.69,,10.97,133.600006
220,88.75,23.309999,29.945,127.550003,33.900002,4.74,,10.69,131.929993
221,91.529999,23.58,30,127.040001,34.299999,4.76,,10.65,131.009995
222,92.790001,23.93,30.02,128.929993,34.099998,4.68,,10.52,130
223,94.129997,23.870001,29.9925,129.369995,34.299999,4.67,,10.63,132.240005
224,94.709999,24.17,30.469999,131.479996,34.150002,4.62,,10.89,133.089996
225,88.839996,24.219999,30.485001,132.779999,34.25,4.72,,10.51,128.380005
226,87.519997,24.309999,30.487499,132.179993,34,4.64,,10.14,130.360001
227,85.639999,24.18,30.407499,130.979996,34.150002,4.54,,10.15,128.210007
228,87.660004,24.49,30.3375,130.320007,33.75,4.52,,10.63,128.970001
229,88.860001,24.299999,32.1875,133.229996,33,4.57,,10.46,128.789993
230,87.889999,24.379999,32.1325,130.839996,33.049999,4.82,,10.52,128.949997
231,87.839996,24.74,32.27,130.979996,32.900002,4.83,,10.58,129.029999
232,87.900002,24.68,32.572498,132.059998,32.650002,4.75,,10.59,129.570007
233,91.470001,24.629999,32.8825,131.839996,32.5,4.86,,10.39,129.169998
234,90.910004,24.790001,33.009998,134.199997,31.049999,4.88,,10.74,128.669998
235,92.349998,25.389999,33.105,134.139999,31,4.89,,11.1,128.220001
236,92.660004,25.66,33.029999,134.190002,31.35,4.88,,11.45,128.330002
237,93.769997,25.370001,33.322498,134.050003,31.35,4.96,,11.2,127.620003
238,91.459999,25.74,33.755001,133.850006,31.4,4.97,,11.64,127.919998
239,89.940002,25.780001,33.877499,133.440002,31.5,5,,11.53,128.460007
240,88.639999,25.42,33.837502,133.839996,31.25,5.07,,11.17,129.529999
241,89.580002,25.57,33.93,133.529999,31.200001,5.05,,11.38,127.120003
242,85.370003,26.219999,34.174999,133.720001,30.85,5.09,,11.57,126.580002
243,84.739998,26.26,34.2775,136.119995,31.35,5.1,,11.4,127.519997
244,86.940002,25.559999,34.1325,135.360001,31.35,5.15,,10.81,127.660004
245,82.419998,26.280001,34.165001,135.440002,31.4,5.14,,10.98,126.580002
246,84.510002,26.52,34.232498,136.410004,31.450001,5.18,,11.41,123.529999
247,86.389999,24.440001,34.247501,135.539993,31.35,5.14,,11.24,124.290001
248,84.129997,24.48,34.947498,137.419998,30.4,5.26,,10.83,123.900002
249,80.860001,24.98,34.740002,136.759995,29.75,5.22,,11.19,123.160004
250,77.75,25.280001,34.945,137.169998,29.4,5.28,,10.93,122.150002
251,78.519997,24.91,34.834999,137.419998,29.299999,5.28,,10.81,125.980003
252,73.959999,24.67,34.880001,137.300003,29.450001,5.23,,10.67,127.309998
253,,25,34.75,137.720001,29.549999,5.18,,9.51,
254,,25,34.669998,138.240005,29.549999,5.28,,9.5,
255,,25.18,34.785,138.789993,30.15,5.37,,9.56,
256,,24.190001,34.799999,139.600006,30.4,5.36,,9.42,
257,,24.559999,34.747501,139.320007,30.549999,5.34,,9.45,
258,,24.67,35.115002,139.720001,30.1,5.37,,9.49,
259,,24.26,35.172501,139.990005,30.200001,5.45,,9.43,
260,,24.639999,34.997501,139.839996,30.6,5.46,,9.43,
261,,23.879999,35.365002,139.940002,30.6,5.54,,8.9,
262,,24.01,34.959999,138.509995,30.15,5.4,,8.52,
263,,24.09,35.355,139.589996,30.299999,5.39,,8.47,
264,,23.959999,35.23,139.529999,30.200001,5.38,,8.65,
265,,20.700001,35.16,140.339996,30.85,5.37,,8.54,
266,,20.85,35.220001,140.320007,30.799999,5.46,,8.74,
267,,21.719999,35.950001,141.759995,30.549999,5.4,,8.85,
268,,21.950001,36.029999,142.649994,30.950001,5.36,,9.2,
269,,22.459999,35.982498,142.410004,31.15,5.33,,9.3,
270,,22.549999,35.915001,142.050003,31.450001,5.42,,9.11,
271,,22,35.924999,142.279999,31.85,5.33,,8.77,
272,,21.98,36.192501,141.729996,31.549999,5.36,,8.28,
273,,21.76,36.005001,141.850006,31,5.18,,8.06,
274,,21.84,35.915001,141.169998,30.799999,5.23,,8.39,
275,,21.66,35.834999,140.779999,30.35,5.28,,8.34,
276,,21.879999,35.7925,141.039993,30.65,5.31,,8.69,
277,,22.110001,35.407501,139.919998,30.700001,5.27,,8.74,
278,,22.07,35.450001,139.580002,30.299999,5.28,,8.47,
279,,22.379999,35.262501,139.389999,30.200001,5.22,,8.2,
280,,22.889999,35.4575,141.419998,30.700001,5.26,,8.19,
281,,22.84,35.299999,140.960007,30.5,5.23,,7.96,
282,,22.780001,35.169998,142.270004,30.4,5.17,,7.9,
283,,23.190001,35.610001,143.800003,30.950001,5.27,,8.49,
284,,23.190001,35.567501,143.679993,30.9,5.22,,8.5,
285,,23.219999,35.91,145.470001,30.700001,5.38,,8.59,
286,,23.4,36.1325,146.490005,31,5.43,,8.57,
287,,23.65,35.919998,146.559998,31.200001,5.37,,8.81,
288,,23.1,35.947498,147.699997,30.700001,5.72,,8.82,
289,,22.690001,35.912498,150.25,30.299999,5.73,,8.63,
290,,22.780001,36.645,152.460007,29.799999,5.77,,8.66,
291,,23.440001,36.877499,152.779999,30.049999,5.84,,8.89,
292,,23.969999,36.764999,151.800003,30.1,5.88,,8.88,
293,,23.57,36.6325,150.850006,29.4,6.03,,8.6,
294,,24,37.240002,150.240005,29.1,6.18,,9.13,
295,,24.379999,38.252499,151.059998,28.799999,6.13,,9,
296,,24.49,38.497501,150.479996,28.9,6.18,,9.1,
297,,24.950001,38.314999,150.289993,27.950001,6.14,,9.27,
298,,24.35,38.487499,150.039993,27.5,6.12,,8.59,
299,,24.030001,39.025002,150.330002,26.9,6.17,,8.17,
300,,24.360001,38.924999,150.190002,26.450001,6.21,,8.13,
301,,24.469999,38.8675,149.779999,25.75,6.28,,7.94,
302,,23.84,37.5625,144.850006,24.6,6.11,,7.67,
303,,23.780001,38.134998,147.660004,24.5,6.11,,7.61,
304,,24.219999,38.264999,148.059998,25.299999,6.18,,7.6,
305,,24.049999,38.497501,148.240005,25,6.21,,7.93,
306,,22.66,38.450001,148.070007,24.65,6.54,,7.88,
307,,22.709999,38.334999,150.039993,23.5,6.39,,7.84,
308,,23.620001,38.467499,151.960007,23.4,6.4,,7.82,
309,,22.219999,38.4025,152.130005,24.700001,6.38,,7.85,
310,,22.57,38.4175,152.380005,23.35,6.34,,8.02,
311,,22.139999,38.189999,151.460007,22.5,6.32,,7.76,
312,,22.780001,38.294998,151.529999,23.450001,6.49,,6.27,
313,,22.67,38.862499,153.610001,24.799999,6.55,,6.25,
314,,22.48,38.482498,153.630005,25,6.54,,6.53,
315,,21.9,38.612499,152.809998,24.4,6.46,,6.65,
316,,22.040001,38.842499,153.119995,23.75,6.54,,6.7,
317,,21.370001,38.747501,154.710007,23.65,6.52,,6.85,
318,,22.01,37.244999,149.600006,23.299999,6.4,,7.03,
319,,21.709999,36.355,148.440002,23.5,6.35,,7,
320,,21.98,36.647499,150.679993,24.25,6.42,,6.83,
321,,21.629999,36.290001,150.25,24.200001,6.38,,6.86,
322,,21.219999,36.072498,149.800003,24.049999,6.33,,6.79,
323,,20.59,35.567501,150.639999,24.65,6.4,,6.86,
324,,20.799999,36.584999,152.869995,24.75,6.46,,6.75,
325,,20.639999,36.252499,152.25,23.6,6.37,,6.55,
326,,20.459999,36.467499,153.910004,23.049999,6.39,,6.36,
327,,20.540001,36.407501,153.399994,23.049999,6.38,,6.33,
328,,20.65,36.57,155.070007,23.6,6.39,,6.42,
329,,21.129999,36.455002,153.589996,23.549999,6.34,,6.38,
330,,21.379999,35.932499,150.580002,23.35,6.28,,6.65,
331,,21.51,36.4575,153.240005,23.9,6.36,,6.66,
332,,21.610001,35.919998,151.039993,23.65,6.17,,6.82,
333,,21.610001,36.005001,150.979996,22.75,6.16,,6.75,
334,,21.6,35.875,148.429993,23.200001,6.15,,6.83,
335,,21.51,36.022499,150.339996,22.450001,6.22,,6.68,
336,,21.120001,35.682499,148.820007,21.65,6.14,,6.32,
337,,20.91,36.044998,151.440002,21.950001,6.25,,6.46,
338,,20.889999,36.264999,153.5,21.5,6.26,,6.1,
339,,20.959999,36.3825,155.270004,22.299999,6.24,,6.1,
340,,20.99,36.435001,158.899994,21.4,6.34,,6.13,
341,,21.16,36.942501,159.259995,22.15,6.33,,6.47,
342,,21.02,37.259998,159.970001,21.9,6.33,,6.33,
343,,21.280001,37.389999,159.729996,19.700001,6.31,,6.37,
344,,21.09,37.52,162.860001,20.1,6.14,,6.21,
345,,21.35,37.755001,164.139999,19.85,6.22,,6.29,
346,,21.1,37.584999,164.529999,20.6,6.26,,6.29,
347,,20.780001,37.567501,164.429993,20.35,6.2,,6.15,
348,,20.799999,38.022499,166,20.5,6.23,,5.87,
349,,21.26,38.185001,165.279999,20.85,6.16,,6.06,
350,,21.040001,38.365002,165.610001,21.049999,6.17,,5.99,
351,,21.700001,37.639999,170.440002,20.700001,6.37,,6.19,
352,,21.5,37.375,172.449997,20.5,6.4,,6.07,
353,,21.690001,37.182499,169.25,20.4,6.39,,6.06,
354,,21.360001,37.512501,169.860001,20.799999,6.54,,6.2,
355,,21.379999,39.285,169.300003,15.2,6.52,,6.08,
356,,21.66,38.892502,168.589996,15.1,6.54,,5.95,
357,,21.93,39.0975,169.619995,16.25,6.52,,6.23,
358,,22.17,39.702499,171.979996,16.1,6.5,,6.38,
359,,21.940001,40.02,171.229996,16.15,6.44,,6.58,
360,,22.08,40.264999,171.179993,15.5,6.36,,6.45,
361,,21.469999,38.830002,167.399994,14.45,6.25,,6.16,
362,,21.76,39.369999,168.080002,14.05,6.26,,6.28,
363,,21.85,39.962502,170.75,13.6,6.33,,5.94,
364,,20.93,40.400002,171,13.25,6.33,,5.57,
365,,21.389999,40.237499,170,13.3,6.36,,5.84,
366,,21.1,39.465,166.910004,13.15,6.25,,5.73,
367,,21.219999,39.375,167.410004,13,6.19,,5.7,
368,,20.98,39.302502,167.779999,13.05,6.15,,5.35,
369,,21.639999,39.945,169.639999,12.85,6.23,,5.49,
370,,21.48,39.994999,168.710007,12.55,6.25,,6.56,
371,,21.780001,39.817501,167.740005,12.8,6.16,,6.34,
372,,19.4,39.965,166.320007,12.9,6.21,,6.56,
373,,19.15,40.3675,167.240005,13.05,6.21,,6.61,
374,,18.75,40.727501,168.050003,12.85,6.2,,6.51,
375,,18.790001,40.837502,169.919998,13.45,6.18,,6.48,
376,,18.5,41,171.970001,13.4,6.18,,6.37,
377,,18.67,41.012501,172.020004,14.15,6.22,,6.67,
378,,18.940001,40.52,170.720001,14.5,6.1,,6.51,
379,,19.34,40.477501,172.089996,14.4,6.16,,6.6,
380,,18.85,40.314999,173.210007,13.8,6.19,,6.45,
381,,19.15,39.657501,170.949997,13.35,5.99,,6.12,
382,,19.200001,40.375,173.509995,14.1,6.08,,6.25,
383,,19.530001,40.215,172.960007,14.2,6.09,,6.42,
384,,20.02,39.912498,173.050003,15.2,6.02,,6.55,
385,,20.08,39.57,170.960007,16.049999,6.01,,6.52,
386,,20.290001,39.970001,171.639999,16.950001,6.16,,6.61,
387,,20.17,39.6675,170.009995,16.65,6.21,,6.57,
388,,20.190001,39.682499,172.520004,15.65,6.22,,6.57,
389,,20.1,39.017502,172.169998,15.35,6.18,,6.58,
390,,19.889999,38.3475,171.110001,15.8,6.05,,6.61,
391,,20.01,37.9725,170.539993,15.9,6,,6.65,
392,,20.440001,37.637501,162.869995,15.15,5.93,,6.61,
393,,20.65,38.285,164.210007,15.4,5.92,,6.66,
394,,20.85,38.557499,167.679993,15.5,5.88,,6.82,
395,,20.790001,38.32,168.729996,15,5.9,,6.78,
396,,20.66,38.529999,170.869995,14.7,5.98,,6.76,
397,,20.469999,38.452499,169.470001,14.7,5.98,,6.68,
398,,20.209999,38.619999,169.960007,15.9,5.97,,6.66,
399,,20.25,38.369999,168.419998,15.8,5.92,,6.96,
400,,20.52,38.8475,171.240005,16.049999,5.93,,7.19,
401,,20.02,38.825001,172.229996,15.2,5.91,,6.96,
402,,20.15,38.959999,172.5,14,5.92,,6.7,
403,,20.23,38.974998,171.589996,13.85,5.92,,6.7,
404,,19.59,39.137501,172.740005,13.75,5.88,,6.41,
405,,19.5,39,172.550003,13.85,5.83,,5.88,
406,,19.709999,39.247501,173.740005,13.75,5.93,,5.9,
407,,19.41,39.970001,174.520004,13.75,5.87,,5.99,
408,,19.66,40.1175,176.110001,13.75,5.83,,6.08,
409,,20.049999,39.939999,176.029999,13.6,5.86,,6.34,
410,,20.049999,38.994999,174.559998,14.25,5.82,,6.32,
411,,20.129999,39.0625,174.979996,14,6.08,,6.62,
412,,20.280001,39.0425,171.270004,14.15,6.03,,6.9,
413,,19.959999,39.275002,171.800003,14.3,5.99,,7.1,
414,,19.610001,39.102501,170.600006,14.05,6.05,,7.3,
415,,19.51,39.352501,170.630005,14.7,4.76,,7.29,
416,,19.34,40.762501,177.880005,14.75,4.91,,7.18,
417,,18.77,41.68,179.869995,13.9,4.82,,6.85,
418,,18.690001,42.259998,180.059998,13.9,4.89,,6.77,
419,,18.6,41.7225,182.660004,13.45,4.94,,6.73,
420,,18.51,42.0275,178.919998,12.85,5.03,,6.8,
421,,18.1,43.125,178.919998,11.9,4.97,,6.74,
422,,17.83,43.5625,180.169998,12.2,5.09,,6.76,
423,,17.110001,43.702499,180.25,12.3,5.05,,6.44,
424,,17.200001,44.060001,179.559998,11.8,5.05,,6.52,
425,,17.559999,43.970001,179.300003,11.4,4.96,,6.78,
426,,16.43,43.6675,178.460007,11,4.91,,7.08,
427,,16.200001,43.4925,178.770004,11.65,4.86,,6.87,
428,,16.190001,42.834999,178.070007,12.2,4.83,,6.83,
429,,16,42.27,177.949997,12.55,4.84,,6.93,
430,,16.18,42.775002,179.589996,12.45,4.92,,7.17,
431,,16.309999,42.537498,179,12.95,4.94,,7.71,
432,,16.440001,42.494999,178.740005,12.75,5.01,,8.1,
433,,16.73,43.285,181.860001,12.7,5.05,,7.67,
434,,17.370001,43.740002,180.869995,13.2,5.05,,7.83,
435,,17.42,43.7425,182.779999,13.85,5.08,,7.81,
436,,18.17,43.522499,183.029999,14.9,5.01,,8.25,
437,,19.02,43.267502,182.419998,16.15,5.05,,8.78,
438,,19.52,42.369999,175.130005,15.4,5.02,,9.22,
439,,18.75,42.962502,177.179993,14.25,5.01,,9.74,
440,,18.77,42.762501,175.100006,14,4.95,,10.14,
441,,19.4,42.450001,171.470001,14.3,4.74,,10.48,
442,,19.27,42.41,172.830002,14.45,4.7,,10.65,
443,,19.01,42.252499,176.059998,14.25,4.72,,11.05,
444,,18.629999,42.330002,180.139999,14.35,4.63,,11.14,
445,,19.200001,42.342499,179,14.65,4.64,,11.22,
446,,19.07,43.1675,179.039993,15.25,4.58,,11.17,
447,,19.110001,42.924999,176.960007,15.25,4.55,,10.87,
448,,18.67,43.067501,178.300003,15.15,4.68,,10.96,
449,,18.379999,43.055,178.389999,15.8,4.61,,10.36,
450,,18.34,43.4925,180.179993,15.1,4.61,,10.18,
451,,18.66,44.105,180.820007,15.25,4.69,,10.71,
452,,18.389999,43.634998,179.509995,15.25,4.67,,10.5,
453,,18.25,43.587502,177.889999,14.85,4.62,,10.44,
454,,18.450001,43.752499,177.449997,15.4,4.79,,10.57,
455,,18.290001,43.752499,177.199997,14.9,4.78,,10.43,
456,,18.51,42.642502,175.990005,14.4,4.78,,10.89,
457,,18.25,42.650002,177.619995,14.1,4.73,,10.68,
458,,18.17,42.77,177.919998,14.85,4.71,,10.59,
459,,17.950001,42.307499,176.460007,15.1,4.66,,10.15,
460,,18.26,43.064999,181.419998,15.4,4.76,,9.45,
461,,18.200001,43.057499,184.669998,15,4.83,,9.72,
462,,18.32,43.2575,184.330002,14.45,4.89,,9.62,
463,,18.68,43.75,186.850006,14.1,4.92,,9.15,
464,,19.23,43.587502,188.279999,13.8,4.88,,9.24,
465,,19.549999,43.5825,187.869995,13.9,4.9,,7.37,
466,,19.68,43.572498,187.839996,13.95,4.85,,7.49,
467,,19.959999,43.82,187.770004,14.1,4.82,,7.49,
468,,17.76,44.272499,179.369995,14.45,4.87,,7.26,
469,,17.16,44.047501,178.389999,13.65,4.96,,7.21,
470,,17.5,44.775002,177.600006,13.75,4.95,,7.45,
471,,17.860001,44.814999,179.800003,13.4,4.84,,7.29,
472,,18.129999,44.615002,181.289993,13.2,4.84,,7.45,
473,,17.549999,44.25,185.369995,13.25,4.9,,7.53,
474,,17.4,44.259998,189.350006,13.4,4.92,,7.5,
475,,16.98,43.555,186.550003,13.2,4.91,,7.31,
476,,16.84,42.7775,187.479996,13.15,4.8,,7.26,
477,,17.059999,42.877499,190,12.85,4.81,,7.3,
478,,17.15,41.990002,185.979996,12.85,4.96,,7.26,
479,,17.07,41.7425,187.119995,12.6,4.96,,7.12,
480,,16.809999,41.857498,186.889999,12.8,4.81,,6.98,
481,,16.66,41.945,193.089996,13.5,5.4,,6.93,
482,,16.23,40.125,190.279999,13.95,5.4,,6.65,
483,,15.65,39.122501,181.259995,13.35,5.32,,6.42,
484,,16.139999,40.7575,185.309998,13.75,5.51,,6.56,
485,,16.469999,39.884998,180.179993,14.2,5.51,,6.96,
486,,15.83,38.787498,171.580002,13.75,5.36,,6.85,
487,,16.17,39.102501,176.110001,13.45,5.4,,7.14,
488,,15.8,40.677502,176.410004,13.9,5.51,,6.89,
489,,15.58,41.084999,173.149994,13.85,5.51,,6.87,
490,,16.219999,41.842499,179.520004,14.25,5.65,,7.14,
491,,16.41,43.247501,179.960007,14.65,5.73,,7.11,
492,,16.4,43.107498,177.360001,14.4,5.76,,7.11,
493,,15.86,42.962502,176.009995,14.5,5.73,,6.91,
494,,15.69,42.767502,177.910004,14.4,5.69,,7.02,
495,,15.62,43.125,178.990005,14.3,5.71,,7.21,
496,,15.97,43.875,183.289993,14.85,5.8,,7.37,
497,,16.08,44.7425,184.929993,15.45,5.93,,7.54,
498,,15.57,44.5975,181.460007,15.75,5.87,,7.21,
499,,15.69,44.529999,178.320007,15,5.8,,7.22,
500,,15.97,43.75,175.940002,14.75,5.76,,7.18,
501,,15.93,44.052502,176.619995,15.75,5.77,,7.48,
502,,16.049999,44.205002,180.399994,15.75,5.85,,7.5,
503,,16.059999,44.1675,179.779999,15.95,5.82,,7.6,
504,,15.94,43.7575,183.710007,15.7,5.88,,7.55,
505,,15.64,44.235001,182.339996,15.55,5.87,,7.3,
506,,15.85,44.994999,185.229996,15.7,5.89,,7.34,
507,,15.55,45.43,184.759995,15.65,5.93,,7.36,
508,,15.61,44.9925,181.880005,14.75,5.86,,7.4,
509,,15.46,44.610001,184.190002,15.05,5.82,,7.39,
510,,15.31,44.662498,183.860001,14.75,5.76,,7.19,
511,,15.42,44.505001,185.089996,14.2,5.73,,7.2,
512,,14.81,43.825001,172.559998,14.15,5.72,,6.98,
513,,14.47,43.810001,168.149994,14.05,5.75,,6.99,
514,,14.02,42.817501,169.389999,14.15,5.71,,6.99,
515,,13.83,42.212502,164.889999,13.8,5.5,,6.84,
516,,13.5,41.235001,159.389999,13.9,5.46,,6.9,
517,,14.04,43.192501,160.059998,13.95,5.54,,7.28,
518,,13.88,42.084999,152.220001,13.6,5.44,,7.13,
519,,14.15,41.619999,153.029999,13.5,5.43,,7.23,
520,,12.62,41.945,159.789993,14.05,5.47,,7.16,
521,,12.82,41.669998,155.389999,14.15,5.39,,6.71,
522,,13.01,42.0975,156.110001,15.25,5.42,,6.9,
523,,13.34,42.9025,155.100006,15.4,5.43,,7.07,
524,,13.56,43.200001,159.339996,16.35,5.41,,7.53,
525,,13.43,42.095001,157.199997,16.450001,5.39,,7.56,
526,,13.48,42.512501,157.929993,16.450001,5.41,,7.51,
527,,13.68,43.3125,165.039993,16.799999,5.52,,7.7,
528,,13.84,43.110001,166.320007,16.700001,5.57,,7.78,
529,,13.63,43.535,163.869995,16.5,5.56,,7.93,
530,,13.61,43.682499,164.520004,16.950001,5.52,,8.19,
531,,13.81,43.955002,164.830002,17.15,5.61,,7.81,
532,,13.94,44.560001,168.660004,17.4,5.86,,7.81,
533,,13.66,44.459999,166.360001,17.549999,5.85,,7.77,
534,,13.52,43.200001,168.100006,17.25,5.83,,7.62,
535,,12.88,41.43,166.279999,17,5.96,,7.29,
536,,13.2,41.310001,165.839996,17.15,5.89,,7.33,
537,,13.41,40.735001,159.690002,17.200001,5.93,,7.45,
538,,13.46,40.912498,159.690002,17.25,5.92,,7.5,
539,,13.67,41.055,174.160004,17.200001,5.87,,7.72,
540,,13.86,40.580002,173.589996,17.200001,5.96,,7.88,
541,,13.65,41.314999,172,17.450001,6.01,,7.84,
542,,13.85,42.275002,173.860001,16.4,5.93,,7.47,
543,,13.45,44.142502,176.070007,16.5,5.78,,7.45,
544,,12.83,44.2225,174.020004,16.549999,5.89,,7.31,
545,,13,45.9575,176.610001,16.299999,6.1,,7.6,
546,,12.89,46.290001,177.970001,17.200001,6.19,,7.75,
547,,12.79,46.512501,178.919998,16.799999,6.27,,7.95,
548,,12.93,46.84,182.660004,16.049999,6.35,,8.38,
549,,13.03,47.509998,185.529999,16.450001,6.35,,8.38,
550,,12.71,47.147499,186.990005,16.299999,6.38,,8.65,
551,,13.26,47.037498,186.639999,16.4,6.3,,8.63,
552,,13.51,46.610001,184.320007,16.549999,6.26,,8.7,
553,,13.55,47.044998,183.199997,16.6,6.24,,9.11,
554,,13.62,46.747501,183.759995,16.6,6.19,,9.05,
555,,12.46,46.577499,182.679993,16.1,6.2,,9.17,
556,,12.78,46.907501,184.490005,16.049999,6.24,,9.11,
557,,12.67,46.790001,183.800003,15.6,6.2,,8.81,
558,,12.72,47.09,186.899994,15.2,6.09,,8.83,
559,,12.74,47.037498,185.929993,15.25,6.09,,9.04,
560,,12.67,47.145,184.919998,15.05,6.14,,8.96,
561,,13.05,46.974998,185.740005,14.45,5.95,,8.84,
562,,13.42,46.875,187.669998,14.85,5.97,,9.16,
563,,13.2,46.717499,191.779999,14.8,5.79,,8.51,
564,,13.72,47.560001,193.990005,14.8,5.85,,9.15,
565,,14.24,47.9575,193.279999,14.55,5.93,,9.34,
566,,14.6,48.327499,192.940002,14.75,5.9,,10.09,
567,,14.42,48.494999,191.339996,14.7,5.89,,10.1,
568,,14.49,48.365002,188.179993,14.65,5.84,,10.18,
569,,14.53,47.924999,189.100006,14.45,5.84,,10.5,
570,,14.29,47.807499,191.539993,14.95,5.9,,10.59,
571,,14.05,48.07,192.399994,15.65,5.93,,10.45,
572,,13.33,47.674999,192.410004,15.45,6.08,,9.85,
573,,12.85,47.700001,196.809998,15.75,6.11,,9.42,
574,,13.96,47.209999,195.850006,15.6,6.12,,9.36,
575,,15.2,47.185001,198.309998,16,6.06,,9.76,
576,,15.75,46.422501,197.490005,16.25,5.96,,9.92,
577,,15.71,46.625,202,16.6,5.97,,10.37,
578,,15.53,46.365002,201.5,17.200001,5.91,,10.45,
579,,15.52,46.23,201.740005,16.6,5.95,,10.5,
580,,15.11,45.5425,196.350006,16.5,5.83,,10.17,
581,,14.97,46.107498,199,15.85,5.83,,10.26,
582,,14.6,46.040001,195.839996,15.6,5.73,,9.79,
583,,14.88,46.375,196.229996,16.15,5.71,,9.73,
584,,14.57,46.2775,194.320007,15.9,5.75,,9.15,
585,,14.16,46.794998,197.360001,15.75,5.65,,9.15,
586,,14.05,45.98,192.729996,15.85,5.68,,9.29,
587,,14.63,46.349998,198.449997,16.799999,5.73,,9.47,
588,,15.15,46.9925,203.229996,17.299999,5.76,,9.67,
589,,15.47,47.645,204.740005,17.15,5.85,,9.67,
590,,14.86,47.587502,203.539993,17.35,5.95,,9.33,
591,,14.7,46.970001,202.539993,17.4,5.84,,9.35,
592,,15.09,47.7575,206.919998,17,5.9,,9.28,
593,,15.28,47.8325,207.320007,17.049999,5.81,,9.38,
594,,15.22,47.727501,207.229996,16.700001,5.88,,9.64,
595,,14.58,47.862499,209.990005,16.85,5.81,,10.07,
596,,14.58,47.599998,209.360001,16.35,6.04,,10.02,
597,,14.92,47.970001,208.089996,16.450001,5.96,,10.11,
598,,15.08,47.860001,209.940002,15.95,5.97,,9.83,
599,,14.89,47.9025,210.910004,15.55,5.94,,9.68,
600,,14.78,48.25,214.669998,15.5,5.9,,9.69,
601,,14.51,48.705002,217.5,15.25,5.98,,9.98,
602,,14.81,48.552502,176.259995,15.7,5.55,,10.01,
603,,14.83,47.744999,174.889999,15.7,5.4,,9.52,
604,,14.7,47.477501,171.059998,15.35,5.5,,9.77,
605,,14.41,47.572498,172.580002,16.299999,5.4,,9.63,
606,,14.73,50.375,171.649994,16.049999,5.43,,9.42,
607,,14.62,51.8475,176.369995,16.549999,5.37,,9.71,
608,,14.85,51.997501,177.779999,17.15,5.36,,9.78,
609,,14.86,52.267502,185.690002,17.299999,5.32,,9.88,
610,,15.12,51.7775,183.809998,17.200001,5.39,,10.11,
611,,15.25,51.8125,185.179993,17.5,5.39,,10.15,
612,,15.21,52.220001,183.089996,16.9,5.36,,10.37,
613,,15.32,51.8825,180.259995,17.450001,5.22,,10.53,
614,,15.21,52.217499,180.050003,17.450001,5.19,,10.3,
615,,15.5,52.4375,181.110001,17.5,5.2,,10.71,
616,,15.42,52.560001,179.529999,17.700001,5.09,,10.1,
617,,15.22,53.330002,174.699997,18.1,5.15,,10.19,
618,,15.33,54.395,173.800003,18.35,5.23,,10.36,
619,,15.85,53.865002,172.5,18.549999,5.25,,10.56,
620,,16.49,53.759998,172.619995,18.85,5.36,,10.61,
621,,16.98,53.762501,173.639999,19,5.41,,10.51,
622,,16.76,53.872501,172.899994,19.200001,5.43,,10.73,
623,,16.549999,54.040001,174.649994,19.15,5.58,,10.41,
624,,14.71,54.485001,177.460007,18.700001,5.71,,9.82,
625,,14.03,54.924999,176.259995,19.15,5.73,,9.99,
626,,14.12,55.744999,175.899994,18.950001,5.71,,9.93,
627,,13.58,56.2575,177.639999,18.799999,5.62,,10.66,
628,,13.27,56.907501,175.729996,19.049999,5.55,,11.22,
629,,14.05,57.09,171.160004,19.25,5.51,,11.48,
630,,16.26,56.717499,167.179993,19.299999,5.4,,11.59,
631,,16.139999,55.775002,162.529999,19.75,5.39,,10.9,
632,,16.129999,55.325001,163.039993,19.9,5.32,,10.39,
633,,16,54.5825,164.179993,19.9,5.39,,10.52,
634,,16.16,55.962502,165.940002,19.799999,5.36,,10.55,
635,,16.66,55.267502,162,20.049999,5.31,,10.62,
636,,17.040001,56.602501,161.360001,20.1,5.47,,10.47,
637,,16.790001,55.959999,162.320007,19.799999,5.5,,10.41,
638,,16.610001,54.470001,160.580002,19.950001,5.5,,10.43,
639,,16.5,54.560001,160.300003,20,5.62,,10.48,
640,,16.6,54.592499,163.059998,20.65,5.46,,10.57,
641,,16.49,55.0075,166.020004,20.75,5.52,,10.93,
642,,16.52,54.415001,162.929993,21.35,5.59,,10.91,
643,,15.52,55.197498,165.410004,20.4,5.55,,10.92,
644,,16.02,55.547501,164.910004,19.9,5.6,,10.88,
645,,15.59,55.105,166.949997,20.15,5.53,,11.18,
646,,15.55,56.237499,168.839996,20.450001,5.69,,11.04,
647,,15.27,56.435001,164.460007,20.5,5.58,,11.06,
648,,15.28,56.814999,162.440002,19.860001,5.61,,10.67,
649,,14.87,57.32,159.330002,19.76,5.48,,9.85,
650,,14.92,58.017502,162.429993,20.09,5.47,,9.98,
651,,14.82,56.997501,158.850006,19.969999,5.48,,9.89,
652,,14.68,56.072498,157.330002,19.700001,5.38,,9.66,
653,,14.98,55.942501,157.25,19.6,5.32,,9.21,
654,,14.76,56.717499,157.899994,19.610001,5.3,,9.15,
655,,14.83,54.09,151.380005,18.75,5.16,,8.74,
656,,14.66,53.612499,153.350006,18.41,5.15,,8.65,
657,,14.8,55.5275,153.740005,18.860001,5.25,,8.4,
658,,14.88,54.34,153.520004,19.27,5.29,,8.6,
659,,15.29,55.537498,158.779999,20.15,5.45,,8.76,
660,,15.32,55.297501,159.419998,19.809999,5.52,,8.67,
661,,15.06,54.005001,154.919998,19.639999,5.55,,8.72,
662,,14.73,54.827499,154.050003,19.809999,5.62,,8.42,
663,,15.12,55.162498,154.779999,19.799999,5.63,,8.5,
664,,15.27,55.682499,154.389999,19.700001,5.55,,8.3,
665,,15.07,53.772499,146.039993,17.83,5.26,,8.3,
666,,14.44,54.950001,150.949997,18.709999,5.32,,8.47,
667,,13.71,54.075001,145.369995,17.83,5.58,,8.47,
668,,14.53,53.060001,142.089996,18.719999,5.55,,8.57,
669,,14.67,53.325001,146.220001,19.24,5.63,,8.97,
670,,14.6,54.715,151.789993,19.26,5.62,,8.81,
671,,15.35,55.555,151.75,19.24,5.78,,9.04,
672,,15.61,51.869999,150.350006,19,5.8,,9.3,
673,,14.99,50.397499,148.679993,19.18,5.86,,9.52,
674,,14.95,50.942501,149.940002,18.42,5.86,,9.52,
675,,14.9,52.487499,151.529999,18.379999,5.98,,9.49,
676,,14.86,52.122501,147.869995,18.129999,5.93,,9.57,
677,,14.64,51.1175,144.960007,15.66,5.87,,9.2,
678,,13.88,48.5425,141.550003,15.19,5.75,,8.97,
679,,13.88,48.057499,142.160004,15.54,5.85,,8.92,
680,,12.96,46.700001,144.220001,15.68,5.79,,8.73,
681,,13.13,47.852501,143.850006,14.74,5.76,,8.71,
682,,12.79,48.3825,139.529999,14.05,5.81,,8.09,
683,,13.03,46.465,131.550003,13.49,5.72,,7.67,
684,,12.28,44.244999,132.429993,13.29,5.51,,7.47,
685,,13.71,44.195,134.820007,13.94,5.53,,7.72,
686,,13.5,43.072498,131.729996,13.88,5.49,,7.65,
687,,14.58,43.654999,136.380005,14.16,5.5,,7.74,
688,,14.72,43.560001,135,13.45,5.47,,7.56,
689,,15.01,45.235001,136.759995,13.84,5.48,,7.16,
690,,14.63,44.887501,138.679993,13.96,5.52,,6.8,
691,,13.66,44.645,140.610001,13.65,5.47,,6.24,
692,,13.87,46.205002,141.089996,14.22,5.6,,6.57,
693,,13.5,44.172501,137.929993,14.26,5.4,,6.19,
694,,13.56,43.68,139.630005,14.63,5.62,,6.19,
695,,13.68,42.122501,137.419998,14.27,5.53,,5.84,
696,,13.23,42.400002,141.850006,14.3,5.68,,5.84,
697,,12.95,42.157501,142.080002,15.12,5.84,,5.69,
698,,13.23,42.275002,144.5,15.27,6.04,,5.82,
699,,12.79,42.737499,145.009995,14.86,6.03,,5.55,
700,,12.76,41.369999,144.059998,14.51,5.94,,5.58,
701,,12.65,40.985001,140.190002,14.07,5.87,,5.51,
702,,12.73,41.517502,143.660004,13.96,5.78,,5.5,
703,,12.58,40.2225,133.240005,13.37,5.77,,5.32,
704,,12.43,39.2075,133.399994,12.98,5.76,,5.35,
705,,11.96,37.682499,124.949997,12.34,5.49,,4.99,
706,,11.67,36.7075,124.059998,12.26,5.49,,5.01,
707,,12.4,39.2925,134.179993,12.68,5.56,,5.44,
708,,12.18,39.037498,134.520004,12.2,5.63,,5.16,
709,,12.28,39.057499,133.199997,12.42,5.81,,5.15,
710,,12.62,39.435001,131.089996,12.28,5.82,,5.11,
711,,13.07,39.48,135.679993,12.89,5.74,,5.35,
712,,12.97,35.547501,131.740005,13.06,5.57,,5.35,
713,,15.24,37.064999,137.949997,13.54,5.93,,5.43,
714,,15.48,36.982498,138.050003,14.12,6.02,,5.61,
715,,15.81,37.6875,142.529999,14.57,6.15,,5.57,
716,,15.98,38.327499,144.229996,13.95,6.21,,5.6,
717,,15.96,38.450001,144.199997,13.73,6.14,,5.13,
718,,15.85,38.072498,143.800003,14.03,6.08,,5.35,
719,,15.64,37.5,145.389999,14.13,6.02,,5.16,
720,,15.53,38.267502,148.949997,14.31,6.05,,5.16,
721,,15.68,38.735001,147.539993,14.1,5.95,,5.24,
722,,15.77,38.965,148.300003,14.11,5.98,,5.3,
723,,15.93,39.205002,150.039993,14.46,6.11,,5.4,
724,,15.27,38.325001,147.570007,13.51,5.97,,5.25,
725,,15.48,38.48,144.300003,13.79,6.05,,5.2,
726,,15.8,38.174999,145.830002,14.25,6.16,,5.11,
727,,15.9,39.439999,149.009995,14.01,6.6,,5.37,
728,,15.5,39.075001,147.470001,14.01,6.49,,5.6,
729,,11.28,38.669998,144.190002,14.19,6.55,,5.41,
730,,11.2,41.3125,150.419998,14.12,6.57,,5.37,
731,,11.34,41.610001,166.690002,14.65,6.35,,5.3,
732,,11.24,41.630001,165.710007,14.19,6.13,,5.28,
733,,11.37,42.8125,169.25,14.35,6.06,,5.37,
734,,11.79,43.544998,171.160004,14.07,6.04,,5.43,
735,,11.51,43.560001,170.490005,13.79,6.05,,5.32,
736,,11.47,42.735001,166.380005,13.32,5.96,,5.18,
737,,11.35,42.602501,167.330002,13.72,6.16,,5.2,
738,,11.3,42.357498,165.789993,13.17,6.21,,5.41,
739,,11.55,42.7225,165.039993,13.26,6.24,,5.39,
740,,11.47,42.544998,164.070007,13.51,6.32,,5.34,
741,,11.33,42.700001,163.949997,13.65,6.3,,5.2,
742,,11.43,42.605,162.5,13.79,6.32,,5.29,
743,,11.2,42.732498,162.289993,13.2,6.17,,5.33,
744,,11.2,43.0075,162.559998,13.67,6.1,,5.36,
745,,11.03,42.764999,160.039993,13.7,6.15,,5.11,
746,,11.37,43.2425,161.889999,13.87,6.24,,5.21,
747,,11.55,43.557499,164.619995,13.64,6.15,,5.15,
748,,11.64,43.5825,164.130005,13.56,6.12,,5.17,
749,,11.67,43.717499,162.809998,13.87,6.12,,5.22,
750,,11.7,43.287498,161.449997,14.03,6.09,,5.2,
751,,11.75,43.7425,162.279999,16,6.11,,5.31,
752,,11.57,43.962502,167.369995,15.5,6.08,,5.15,
753,,11.6,43.8825,171.259995,15.62,6.16,,5.08,
754,,11.56,43.630001,172.509995,15.13,6.1,,4.97,
755,,11.59,43.125,169.130005,14.8,6.03,,4.97,
756,,10.97,43.227501,169.600006,14.72,6.07,,4.89,
757,,11.26,44.724998,172.070007,14.65,6.14,,4.98,
758,,11.47,45.227501,171.919998,14.42,6.2,,5.04,
759,,11.58,45.427502,173.369995,14.43,6.14,,4.53,
760,,10.95,45.932499,170.169998,14.48,6.22,,4.49,
761,,11.06,46.529999,165.979996,14.5,6.39,,4.3,
762,,11.07,47.005001,160.470001,15,6.33,,4.29,
763,,10.96,46.6325,161.570007,14.75,6.35,,4.19,
764,,10.5,47.040001,165.440002,14.96,6.29,,4.08,
765,,10.55,48.772499,166.080002,15.42,6.26,,4.12,
766,,10.45,47.762501,164.339996,15.06,5.88,,3.93,
767,,10.14,47.185001,166.289993,15.3,5.87,,4,
768,,10.35,46.697498,167.679993,14.94,5.82,,4.04,
769,,10.29,47.1175,165.869995,14.84,5.82,,4.14,
770,,10.19,47.18,165.550003,14.77,5.69,,4.23,
771,,10.16,47.487499,166.690002,14.85,5.72,,4.28,
772,,10.37,47.810001,168.699997,14.99,5.77,,4.35,
773,,10.1,48.505001,174.199997,14.78,5.81,,4.28,
774,,9.63,48.837502,173.539993,14.61,5.9,,4.24,
775,,10.03,48.922501,176.020004,15.01,5.9,,4.31,
776,,9.86,49.25,175.720001,14.98,5.92,,4.29,
777,,9.94,50.025002,174.929993,16.309999,5.96,,4.3,
778,,9.82,49.875,177.580002,16.15,5.86,,4.1,
779,,9.97,50.154999,177.820007,16.15,5.85,,4.12,
780,,9.76,49.737499,177.509995,16.120001,5.87,,3.94,
781,,9.32,49.717499,179.100006,16.43,5.94,,3.87,
782,,8.94,49.807499,179.649994,16.5,5.64,,3.77,
783,,9.08,49.8125,178.869995,16.59,5.68,,3.86,
784,,8.94,50.782501,178.779999,16.59,5.82,,4.01,
785,,8.77,50.965,178.279999,16.049999,5.81,,3.95,
786,,8.65,51.1325,181.440002,15.26,5.81,,3.67,
787,,8.89,51.869999,183.779999,15.25,5.8,,3.55,
788,,9.01,51.790001,182.580002,15.44,5.79,,3.7,
789,,8.95,51.32,193.259995,15.3,5.3,,3.56,
790,,8.89,51.075001,191.490005,15.4,5.36,,3.59,
791,,8.76,51.1525,194.779999,15.5,5.32,,3.75,
792,,8.65,50.1675,193.399994,15.16,5.28,,3.68,
793,,8.51,52.630001,193.029999,14.71,5.22,,3.77,
794,,8.77,52.287498,192.529999,14.7,5.19,,3.9,
795,,8.97,52.9375,195.470001,14.59,5.18,,3.97,
796,,8.85,52.119999,193.880005,14.87,5.14,,3.83,
797,,8.77,50.715,189.770004,14.97,5.04,,3.79,
798,,8.69,50.724998,189.539993,14.65,4.98,,3.71,
799,,8.52,50.18,188.649994,13.63,4.95,,3.69,
800,,8.48,49.294998,188.339996,13.82,4.93,,3.66,
801,,8.26,46.43,181.539993,13.29,4.82,,3.4,
802,,8.53,47.165001,180.729996,13.5,4.77,,3.45,
803,,8.69,47.73,186.270004,13.58,4.77,,3.39,
804,,8.67,47.52,186.990005,13.4,4.96,,3.38,
805,,8.61,47.25,185.300003,13.13,4.94,,3.37,
806,,8.06,45.772499,182.720001,13,5.08,,3.37,
807,,8.13,46.650002,184.820007,13.21,5.1,,3.45,
808,,7.9,45.695,185.320007,13.04,5.13,,3.3,
809,,7.7,44.915001,180.869995,12.95,4.97,,3.24,
810,,7.82,44.7425,181.059998,12.69,5.12,,3.58,
811,,7.74,44.557499,184.309998,12.5,5.01,,3.44,
812,,7.57,44.345001,182.190002,12.06,5.04,,3.17,
813,,7.6,44.575001,183.009995,12.01,5.09,,3.2,
814,,7.58,43.767502,177.470001,11.98,5.05,,3.01,
815,,7.47,43.325001,164.149994,11.9,4.99,,3.09,
816,,7.82,44.91,167.5,11.78,5.03,,3.18,
817,,5.04,45.634998,168.169998,11.18,5.05,,3,
818,,5.13,46.305,168.330002,11.09,5.02,,2.67,
819,,5.02,47.537498,173.350006,10.75,5.08,,2.73,
820,,5.44,48.145,174.820007,10.94,4.98,,2.65,
821,,5.72,48.702499,178.100006,11.04,5.16,,2.6,
822,,5.5,48.547501,175.039993,10.69,5.1,,2.62,
823,,5.7,48.537498,177.470001,10.95,5.08,,2.71,
824,,5.63,48.185001,181.330002,10.96,4.95,,2.71,
825,,5.7,48.4725,189.009995,11.18,4.97,,2.73,
826,,5.73,49.612499,188.470001,11.41,5.01,,2.71,
827,,5.63,49.467499,187.479996,11.53,5.04,,2.68,
828,,5.53,49.865002,189.529999,10.93,5.17,,2.75,
829,,5.42,49.695,191.139999,10.6,5.16,,2.78,
830,,5.37,49.645,192.600006,10.01,5.04,,2.74,
831,,5.45,48.892502,188.839996,9.48,4.99,,2.71,
832,,5.47,49.950001,187.660004,9.45,5.02,,2.67,
833,,5.54,49.935001,189.5,9.49,4.97,,2.76,
834,,5.47,49.48,193,9.33,5.01,,2.73,
835,,5.36,50.387501,193,9.27,5.03,,2.7,
836,,5.38,50.682499,195,9.21,5.06,,2.64,
837,,5.31,51.102501,197.199997,9.1,5.12,,2.57,
838,,5.52,51.057499,196.399994,9.4,5.06,,2.61,
839,,5.45,50.005001,195.759995,8.86,5.04,,2.59,
840,,5.31,50.310001,199.210007,8.91,5.03,,2.57,
841,,5.18,50.807499,202.729996,9.22,5.06,,2.55,
842,,4.84,50.4375,201.229996,9.45,5.06,,2.52,
843,,4.91,50.825001,204.869995,9.46,5.1,,2.6,
844,,4.75,51.302502,203.910004,9.49,5.1,,2.6,
845,,4.63,51.125,203.839996,9.78,5.12,,2.67,
846,,4.38,50.837502,201.800003,9.81,5.16,,2.54,
847,,4.2,51.415001,200.779999,9.62,5.14,,2.46,
848,,4.32,50.647499,198.360001,10.54,5.14,,2.45,
849,,4.14,51.805,202.320007,10.41,5.12,,2.45,
850,,4.09,52.209999,202.360001,10.3,5.17,,2.4,
851,,4.08,52.1675,204.660004,10.78,5.18,,2.45,
852,,3.98,51.755001,200.710007,10.94,5.7,,2.43,
853,,4.01,51.935001,199.75,11.25,5.72,,2.37,
854,,4.12,52.419998,195.940002,11.45,5.65,,2.35,
855,,4.03,52.195,197.039993,11.74,5.47,,2.35,
856,,4.02,53.259998,194.229996,11.83,5.41,,2.47,
857,,3.84,52.107498,192.729996,11.26,5.37,,2.27,
858,,3.78,51.005001,189.020004,11.62,5.4,,2.19,
859,,3.71,48.334999,181.729996,11.1,5.29,,2.16,
860,,3.81,49.25,184.509995,11.32,5.35,,2.21,
861,,3.81,49.759998,185.149994,11.35,5.32,,2.12,
862,,3.89,50.857498,190.160004,12.01,5.4,,2.2,
863,,3.59,50.247501,187.850006,12.18,5.41,,2,
864,,3.51,50.119999,185.369995,11.76,5.31,,1.97,
865,,3.47,52.2425,188.449997,11.67,5.33,,2.07,
866,,3.32,50.6875,179.710007,10.75,5.12,,1.91,
867,,3.21,50.435001,182.589996,10.84,5.06,,1.86,
868,,3.32,51.625,183.699997,11.15,5.17,,1.97,
869,,3.38,52.587502,186.169998,11.39,5.23,,2.02,
870,,3.42,52.59,183.809998,11.34,5.15,,1.93,
871,,3.54,53.16,183.550003,11.41,5.17,,2.06,
872,,3.87,53.115002,182.039993,11.51,5.07,,2.11,
873,,3.65,50.66,177.75,11.01,5.01,,1.94,
874,,3.82,51.622501,180.360001,11.31,5,,2.02,
875,,3.7,51.040001,181.300003,10.86,4.94,,1.86,
876,,3.88,51.3825,181.759995,11.25,4.89,,2.26,
877,,4.23,52.252499,185.570007,11.3,4.92,,2.26,
878,,3.97,52.185001,185.669998,11.11,4.96,,2.12,
879,,3.81,51.424999,182.389999,11.4,4.87,,2.04,
880,,3.98,52.297501,187.139999,11.71,4.91,,1.99,
881,,4.23,53.32,190.899994,12.02,4.97,,2.1,
882,,4.31,53.314999,187.490005,11.52,5.01,,2.23,
883,,4.76,53.5425,188.759995,11.68,5.02,,2.6,
884,,5.09,54.174999,186.169998,11.65,5.1,,3.07,
885,,4.59,55.897499,188.490005,11.74,5.1,,3.2,
886,,4.58,55.772499,187.470001,11.7,5.24,,3.3,
887,,4.41,54.6875,187.190002,11.96,5.18,,3.09,
888,,4.35,54.974998,186.220001,11.91,5.12,,3.21,
889,,4.33,55.174999,188.080002,11.49,5.15,,3.11,
890,,4.6,55.692501,188.139999,11.17,5.14,,2.87,
891,,4.44,55.240002,190.139999,10.77,5.15,,2.64,
892,,4.7,54.432499,189.929993,10.85,5.29,,2.72,
893,,5.02,54.68,186.820007,10.72,5.18,,2.74,
894,,5.01,54.419998,181.279999,10.71,5.1,,2.72,
895,,5.2,55.2575,182.800003,10.81,5.07,,2.92,
896,,5.28,54.9725,180.110001,10.82,4.99,,3.03,
897,,5.34,54.705002,177.100006,10.78,5.04,,3.32,
898,,5.52,55.9925,178.080002,10.7,5.06,,3.44,
899,,5.58,56.147499,175.809998,10.62,4.91,,3.38,
900,,5.32,54.740002,174.600006,10.22,4.82,,3.14,
901,,5.42,55.205002,179.380005,9.93,4.84,,3.07,
902,,5.55,56.752499,180.449997,9.82,4.89,,2.96,
903,,5.49,56.764999,179.679993,9.78,4.91,,3.05,
904,,5.23,56.099998,177.75,9.83,4.9,,2.89,
905,,4.99,56.7575,179.850006,9.39,4.91,,2.81,
906,,5.05,57.522499,180.029999,9.16,4.94,,2.89,
907,,5.37,59.052502,184.190002,9.22,5.02,,2.95,
908,,5.58,58.967499,183.279999,8.95,4.95,,2.82,
909,,5.61,58.830002,188.889999,9.17,5.01,,3.15,
910,,5.88,58.592499,189.550003,9.34,5.09,,3.22,
911,,6.03,58.82,190.389999,9.34,5.23,,3.29,
912,,5.94,59.102501,185.850006,9.36,5.2,,3.4,
913,,5.93,60.127499,189.759995,9.22,5.2,,3.42,
914,,6.39,59.990002,182.339996,9.76,5.18,,3.49,
915,,6.43,60.794998,186.149994,9.87,5.11,,3.23,
916,,6.42,60.895,186.380005,9.6,3.9,,3.15,
917,,6.35,61.645,187.889999,9.72,3.78,,3.24,
918,,6.19,62.262501,189.399994,9.91,3.59,,3.26,
919,,5.81,60.822498,189.309998,9.81,3.55,,3.32,
920,,5.73,60.814999,188.25,9.4,3.65,,3.3,
921,,5.44,62.189999,191.649994,9.37,3.65,,3.22,
922,,5.84,63.955002,193.619995,9.62,3.66,,3.3,
923,,5.85,64.375,194.720001,9.75,3.61,,3.44,
924,,5.91,64.282501,194.320007,9.78,3.54,,3.81,
925,,6.09,64.309998,191.550003,9.69,3.59,,4.01,
926,,6.22,64.857498,190.419998,9.24,3.57,,4.15,
927,,6.09,65.035004,190.839996,9.62,3.57,,4.06,
928,,6.02,65.550003,189.610001,9.54,3.53,,3.95,
929,,5.92,65.489998,194.470001,9.28,3.51,,3.97,
930,,5.94,66.1175,193.190002,8.8,3.47,,3.93,
931,,5.98,65.660004,193.149994,8.88,3.37,,3.81,
932,,5.88,66.440002,195.100006,8.76,3.45,,3.83,
933,,5.62,66.775002,197.399994,8.47,3.45,,3.71,
934,,5.5,66.572502,199.320007,8.47,3.43,,3.62,
935,,5.46,65.797501,197.509995,8.13,3.35,,3.24,
936,,5.5,65.502502,197.929993,7.94,3.38,,3.15,
937,,5.66,65.445,198.820007,7.96,3.43,,3.39,
938,,6.03,66.592499,199.789993,8.38,3.47,,3.67,
939,,6.1,66.072502,198.970001,7.9,3.43,,3.92,
940,,6.35,66.959999,202,8.43,3.46,,3.98,
941,,6.34,66.8125,201.639999,8.18,3.5,,3.93,
942,,6.17,66.040001,199.699997,8.67,3.46,,3.64,
943,,6.12,64.862503,198.820007,8.27,3.47,,3.55,
944,,6.43,65.434998,198.710007,7.93,3.45,,3.91,
945,,6.4,66.394997,199.360001,7.87,3.48,,5,
946,,6.68,67.677498,201.050003,8.05,3.48,,5.49,
947,,6.33,66.730003,201.339996,8.23,3.42,,5.99,
948,,6.51,67.120003,200.869995,8.1,3.42,,6.15,
949,,5.53,67.692497,202.259995,8.16,3.47,,5.55,
950,,5.58,67.864998,196.75,8.3,3.57,,5.64,
951,,5.45,68.787498,194.110001,8.22,3.52,,5.25,
952,,5.5,69.964996,197.919998,8.35,3.59,,4.94,
953,,6.06,70.102501,198.389999,8.12,3.6,,4.87,
954,,6.16,69.934998,202.5,7.96,3.6,,5.01,
955,,6.06,70.004997,206.059998,7.8,3.59,,4.85,
956,,5.99,69.860001,206.300003,7.73,3.61,,4.9,
957,,5.61,71,206.179993,7.32,3.64,,4.96,
958,,5.44,71.067497,205.119995,7.51,3.63,,4.9,
959,,5.4,72.477501,207.789993,7.34,3.62,,4.93,
960,,5.9,72.449997,208.100006,7.3,3.63,,4.78,
961,,6.13,72.879997,204.410004,7.24,3.69,,4.8,
962,,6.08,73.412498,205.25,7.24,3.71,,4.87,
963,,6.31,75.087502,209.779999,7.46,3.87,,4.81,
964,,5.88,74.357498,208.669998,7.32,3.81,,4.7,
965,,5.85,74.949997,212.600006,7.12,3.94,,5,
966,,5.52,74.597504,213.059998,7.13,3.95,,5.05,
967,,5.72,75.797501,215.220001,6.62,4.02,,5.09,
968,,5.55,77.407501,218.300003,6.46,4.01,,4.88,
969,,5.43,77.582497,218.059998,6.47,4.02,,4.66,
970,,5.43,79.239998,221.910004,6.56,4.06,,4.68,
971,,4.71,78.169998,219.059998,6.85,4.01,,4.77,
972,,4.61,77.834999,221.149994,7.11,4.06,,4.72,
973,,4.62,78.809998,221.770004,7.33,4.2,,4.85,
974,,4.75,79.682503,222.139999,7.28,4.14,,4.58,
975,,4.59,79.142502,221.440002,7.18,4.13,,4.15,
976,,4.56,79.425003,221.320007,6.97,4.09,,5.01,
977,,4.62,79.807503,219.759995,6.8,4.06,,5.05,
978,,4.32,79.577499,217.940002,6.74,4.05,,4.83,
979,,4.28,77.237503,214.869995,6.36,3.94,,4.78,
980,,4.21,79.422501,217.789993,6.79,4.02,,4.58,
981,,4.13,81.084999,223.229996,6.77,3.91,,4.32,
982,,3.93,80.967499,209.529999,6.84,3.96,,4.18,
983,,3.84,77.377502,201.910004,6.52,3.88,,4.01,
984,,3.95,77.165001,204.190002,6.45,3.88,,4.15,
985,,4.07,79.712502,209.830002,6.65,3.96,,4.39,
986,,4.18,80.362503,210.110001,7,4.03,,4.52,
987,,4.14,81.302498,210.850006,6.75,4.2,,4.54,
988,,3.81,80.0075,212.330002,6.55,4.37,,4.23,
989,,3.94,80.387497,213.059998,6.79,4.26,,4.24,
990,,4.02,79.902496,207.190002,6.94,4.41,,4.33,
991,,4.19,81.800003,210.759995,6.86,4.41,,4.47,
992,,4.11,81.217499,213.139999,7,4.34,,4.33,
993,,4.02,81.237503,214.179993,7.1,4.33,,4.37,
994,,4.06,79.75,217.800003,7.04,4.25,,4.32,
995,,4.15,80.904999,217.490005,7.31,4.2,,4.36,
996,,4.14,80.074997,214.580002,7.76,4.16,,4.58,
997,,4.04,78.262497,210.179993,7.46,4.16,,4.46,
998,,3.7,74.544998,200.720001,7.05,4.02,,4.09,
999,,3.56,72.019997,196.770004,6.55,3.91,,3.9,
1000,,3.39,73.162498,197.199997,5.93,4.15,,3.78,
1001,,3.47,68.379997,189.75,6.09,3.96,,3.8,
1002,,3.6,68.339996,192.470001,6.26,3.87,,3.7,
1003,,3.83,74.702499,196.440002,6.11,3.93,,3.49,
1004,,3.63,72.330002,185.889999,5.81,3.79,,3.12,
1005,,3.77,75.684998,191.759995,5.82,3.86,,3.16,
1006,,3.96,73.230003,185.169998,4.92,3.66,,2.97,
1007,,3.92,72.2575,181.089996,4.53,3.57,,3,
1008,,3.7,66.542503,169.5,3.85,3.31,,2.61,
1009,,4.23,71.334999,178.190002,4.2,3.32,,2.48,
1010,,4.14,68.857498,170.240005,3.64,3.13,,2.3,
1011,,3.98,62.057499,154.470001,2.91,2.61,,2.19,
1012,,4.59,69.4925,170.279999,3.22,2.74,,2.16,
1013,,4.37,60.552502,146.009995,2.6,2.42,,1.6,
1014,,4.23,63.215,149.419998,2.48,2.53,,1.68,
1015,,3.77,61.6675,146.960007,2.47,2.43,,1.57,
1016,,4.19,61.195,153.130005,3.37,2.56,,1.83,
1017,,3.76,57.310001,149.729996,3.19,2.66,,1.72,
1018,,3.81,56.092499,148.100006,3.15,2.65,,1.69,
1019,,4.16,61.720001,160.979996,3.56,2.94,,1.67,
1020,,4.17,61.380001,156.210007,3.46,3.07,,1.77,
1021,,4.41,64.610001,163.339996,3.7,3.15,,2.01,
1022,,4.22,61.935001,156.789993,3.6,3.01,,1.92,
1023,,3.65,63.702499,165.949997,3.04,3.05,,1.64,
1024,,3.5,63.572498,166.800003,3.16,3.1,,1.49,
1025,,3.25,60.227501,159.600006,2.62,2.97,,1.36,
1026,,2.85,61.232498,158.190002,2.24,3.04,,1.39,
1027,,2.8,60.352501,154.179993,2.27,2.97,,1.32,
1028,,3.09,65.6175,165.550003,2.88,3.16,,1.46,
1029,,3.27,64.857498,168.830002,3.14,3.16,,1.66,
1030,,3.41,66.517502,174.279999,3.3,3.24,,2.12,
1031,,3.89,66.997498,175.190002,2.6,3.27,,2.58,
1032,,4.74,68.3125,174.789993,2.08,3.25,,2.04,
1033,,5.95,71.762497,178.169998,2.18,3.37,,2.4,
1034,,5.27,71.107498,176.970001,2.41,3.23,,2,
1035,,5.03,71.672501,176.25,2.44,3.46,,1.98,
1036,,4.88,70.699997,179.240005,3.2,3.48,,2.01,
1037,,5.61,69.232498,178.240005,3.18,3.44,,1.92,
1038,,4.78,67.092499,170.800003,3.25,3.36,,1.83,
1039,,4.89,69.025002,182.279999,3.18,3.38,,1.69,
1040,,4.7,68.7575,185.130005,3.11,3.39,,1.63,
1041,,4.77,70.7425,190.070007,3.05,3.39,,1.65,
1042,,5.82,70.792503,187.5,3.36,3.46,,1.78,
1043,,5.64,69.644997,182.910004,4.14,3.41,,2.07,
1044,,6.04,71.932503,194.190002,5.19,3.51,,2.04,
1045,,5.73,73.449997,204.710007,4.92,3.58,,2.07,
1046,,6.05,72.267502,202.270004,4.57,3.6,,1.92,
1047,,5.48,73.290001,205.259995,4.3,3.55,,1.81,
1048,,5.39,74.389999,207.070007,3.89,3.46,,1.72,
1049,,4.93,75.157501,208.470001,3.92,3.46,,1.6,
1050,,4.87,75.934998,211.259995,3.99,3.55,,1.7,
1051,,4.98,77.532501,212.350006,4.1,3.58,,1.8,
1052,,4.76,78.752502,213.179993,5.32,3.57,,1.75,
1053,,4.54,77.852501,210.100006,5.12,3.57,,1.64,
1054,,4.21,76.912498,205.100006,4.6,3.44,,1.59,
1055,,4.13,77.385002,206.809998,4.55,3.42,,1.6,
1056,,4.22,76.927498,210.880005,4.52,3.45,,1.67,
1057,,4.58,78.739998,213.190002,4.72,3.65,,1.81,
1058,,4.44,78.285004,216.880005,4.56,3.69,,1.75,
1059,,4.43,79.807503,229.970001,4.66,3.82,,1.77,
1060,,4.44,79.212502,231.389999,4.63,3.77,,1.91,
1061,,4.18,79.722504,234.910004,4.58,3.85,,1.87,
1062,,4.42,79.182503,232.199997,5.11,3.85,,1.95,
1063,,4.69,79.527496,229.139999,5.6,3.91,,2.08,
1064,,4.33,79.5625,225.460007,5.07,3.92,,2.02,
1065,,4.06,79.485001,225.089996,5.13,3.95,,1.96,
1066,,4.13,80.462502,231.910004,5.31,4.2,,1.86,
1067,,4.18,80.834999,232.720001,5.59,4.31,,2.03,
1068,,4.44,81.279999,230.160004,5.45,4.37,,1.87,
1069,,4.47,80.580002,226.289993,5.38,4.28,,1.89,
1070,,4.14,82.875,230.770004,5.91,4.46,,2.05,
1071,,5.01,83.364998,231.399994,6.45,4.52,,2.55,
1072,,4.96,85.997498,238.669998,5.99,4.42,,2.49,
1073,,5.07,88.209999,236.729996,6.29,4.45,,2.2,
1074,,4.37,83.974998,224.429993,5.17,4.11,,1.88,
1075,,4.72,84.699997,228.580002,5.89,4.2,,1.95,
1076,,4.69,85.747498,232.5,5.8,4.28,,1.86,
1077,,4.64,88.019997,235.649994,5.56,4.34,,1.92,
1078,,4.76,87.897499,235.529999,5.42,4.41,,1.88,
1079,,4.95,87.932503,235.940002,5.63,4.37,,1.85,
1080,,4.88,87.43,238.789993,5.52,4.33,,1.87,
1081,,4.87,89.717499,239.220001,5.33,4.33,,1.82,
1082,,4.83,91.6325,242.240005,5.1,4.33,,1.72,
1083,,4.41,90.014999,234.020004,4.79,4.2,,1.56,
1084,,4.46,91.209999,235.679993,4.27,4.45,,1.53,
1085,,4.35,88.407501,216.080002,4.18,4.34,,1.42,
1086,,4.38,90.445,220.639999,4.42,4.35,,1.51,
1087,,4.34,91.199997,227.070007,4.29,4.4,,1.54,
1088,,4.44,91.027496,237.550003,4.57,4.35,,1.44,
1089,,4.29,91.027496,233.419998,4.53,4.44,,1.42,
1090,,4.24,93.462502,240.279999,4.28,4.6,,1.38,
1091,,4.09,93.172501,240.860001,4.13,4.31,,1.3,
1092,,4.26,95.342499,243.580002,4.43,4.15,,1.4,
1093,,4.21,95.752502,244.5,4.57,4.17,,1.5,
1094,,4.34,95.919998,245.070007,4.6,4.12,,1.53,
1095,,4.26,95.477501,239,4.26,4.18,,1.39,
1096,,4.08,97.057503,239.729996,4.22,4.32,,1.38,
1097,,4.19,97.724998,240.279999,4.5,4.33,,1.42,
1098,,4.17,96.522499,240.929993,4.38,4.24,,1.42,
1099,,3.96,96.327499,242.029999,4.27,4.39,,1.39,
1100,,3.85,98.357498,245.419998,4.15,4.45,,1.33,
1101,,4.01,97,241.75,4.15,4.43,,1.31,
1102,,4.11,97.272499,239.869995,4.03,4.5,,1.27,
1103,,4.11,92.845001,232.600006,4.06,4.37,,1.24,
1104,,4.03,92.614998,230.710007,4,4.3,,1.21,
1105,,4.01,94.809998,233.5,3.87,4.34,,1.15,
1106,,3.94,93.252502,230.119995,4.15,4.28,,1.14,
1107,,4.06,95.040001,233.289993,4.16,4.34,,1.09,
1108,,4.1,96.190002,234.5,4.12,4.45,,1.11,
1109,,4.01,106.260002,253.669998,4.04,4.78,,1.01,
1110,,4.15,108.9375,251.960007,4.11,5.06,,1.02,
1111,,4.43,109.665001,249.830002,4.1,5.1,,1.16,
1112,,4.63,110.0625,249.119995,4.15,5,,1.14,
1113,,4.43,113.902496,265.279999,4.14,5,,1.11,
1114,,4.16,111.112503,268.440002,4.75,4.98,,1.14,
1115,,4.33,112.727501,263,4.47,4.91,,1.23,
1116,,4.35,109.375,256.130005,4.56,4.96,,1.24,
1117,,4.52,113.010002,259.890015,4.64,5.05,,1.19,
1118,,4.64,115.010002,261.299988,5.31,5.06,,1.24,
1119,,4.75,114.907501,261.23999,5.54,5,,1.24,
1120,,4.63,114.607498,261.160004,5.6,5.07,,1.27,
1121,,4.81,115.5625,262.339996,5.35,5.09,,1.21,
1122,,4.72,115.707497,262.589996,5.39,5.04,,1.14,
1123,,4.61,118.275002,269.01001,5.69,5.05,,1.1,
1124,,5.03,124.370003,267.01001,5.19,4.97,,1.05,
1125,,4.87,125.857498,271.390015,5.41,5.03,,1.05,
1126,,4.98,124.824997,280.820007,5.54,5.04,,1.13,
1127,,5.11,126.522499,303.910004,5.6,5.05,,1.08,
1128,,5.25,125.010002,293.220001,6.52,5.01,,1.05,
1129,,5.39,124.807503,293.660004,6.3,4.97,,1.09,
1130,,6.68,129.039993,293.200012,5.88,4.9,,1.11,
1131,,7.65,134.179993,295.440002,6.07,4.73,,1.05,
1132,,7.71,131.399994,302.5,7.04,4.78,,1.04,
1133,,7.82,120.879997,291.119995,6.6,4.53,,1.02,
1134,,7.65,120.959999,282.730011,7.02,4.48,,0.98,
1135,,7.7,112.82,271.160004,6.42,4.1,,0.92,
1136,,7.35,117.32,273.720001,6.26,4.14,,0.92,
1137,,6.23,113.489998,268.089996,5.94,4.1,,0.9,
1138,,6.09,112,266.609985,5.79,4.1,,0.88,
1139,,6.91,115.360001,266.149994,5.54,4.09,,0.97,
1140,,7.09,115.540001,272.420013,5.52,4.16,,0.95,
1141,,8.68,112.129997,263.519989,5.76,4.13,,0.95,
1142,,9.2,110.339996,254.820007,5.72,4.14,,0.97,
1143,,9.47,106.839996,252.529999,5.67,4.09,,0.9,
1144,,8.75,110.080002,248.149994,5.32,3.96,,0.81,
1145,,10.56,111.809998,254.75,5.21,3.98,,0.77,
1146,,10.04,107.120003,249.020004,4.78,3.88,,0.7,
1147,,9.14,108.220001,249.529999,4.61,3.84,,0.71,
1148,,10.02,112.279999,254.820007,4.88,3.78,,0.68,
1149,,10.09,114.959999,256.820007,4.91,3.9,,0.67,
1150,,10.35,114.089996,261.790009,4.86,3.95,,0.61,
1151,,10.2,115.809998,261.899994,4.71,3.91,,0.61,
1152,,9.77,116.790001,266.630005,4.65,3.87,,0.8,
1153,,9.39,113.019997,259.940002,4.65,3.82,,0.82,
1154,,9.46,116.5,264.649994,4.13,3.93,,0.76,
1155,,9.13,113.160004,258.660004,4.06,3.91,,0.66,
1156,,9.36,115.080002,258.119995,4.04,3.9,,0.7,
1157,,13.49,114.970001,263.76001,4.14,3.95,,0.73,
1158,,12.02,116.970001,264.450012,4.05,4.03,,0.75,
1159,,11.8,124.400002,275.75,4.08,4.03,,0.76,
1160,,11.88,121.099998,276.140015,3.54,4.04,,0.72,
1161,,12.25,121.190002,271.820007,2.96,4.08,,0.74,
1162,,13.83,120.709999,266.720001,2.78,4.04,,0.75,
1163,,13.31,119.019997,265.929993,3.04,4.03,,0.75,
1164,,13.91,115.980003,261.399994,3.54,4.18,,0.75,
1165,,13.86,117.510002,267.559998,3.09,4.2,,0.72,
1166,,14.1,116.870003,278.730011,3,4.28,,0.72,
1167,,14.91,115.75,278.119995,3.12,4.27,,0.75,
1168,,15,115.040001,284.790009,2.97,4.3,,0.77,
1169,,13.45,115.050003,277.109985,2.75,4.23,,0.75,
1170,,12.69,116.599998,283.290009,2.79,4.24,,0.71,
1171,,11.82,111.199997,267.670013,2.61,4.05,,0.66,
1172,,11.73,115.32,280.829987,2.52,3.35,,0.63,
1173,,10.47,108.860001,263.109985,2.36,3.37,,0.61,
1174,,10.75,108.769997,261.359985,2.15,3.27,,0.58,
1175,,11.57,110.440002,265.299988,2.34,3.39,,0.6,
1176,,10.91,114.949997,287.380005,2.31,3.4,,0.59,
1177,,11.45,119.029999,294.679993,2.46,3.54,,0.62,
1178,,11.86,118.690002,293.410004,2.49,3.52,,0.62,
1179,,11.49,116.32,278.769989,3.77,3.65,,0.92,
1180,,11.1,115.970001,272.429993,3.51,3.67,,0.93,
1181,,11.75,119.489998,276.480011,3.13,3.75,,0.85,
1182,,11.13,119.209999,275.079987,2.94,3.75,,0.78,
1183,,11.01,119.260002,276.950012,2.97,3.81,,0.77,
1184,,12.06,120.300003,278.959991,3.11,3.9,,0.84,
1185,,11.63,119.389999,275,2.98,3.93,,0.9,
1186,,11.57,118.029999,271.970001,3.26,3.94,,1.02,
1187,,12.46,118.639999,272.940002,3.19,3.89,,1.04,
1188,,12.71,117.339996,269.700012,3.35,3.95,,1.14,
1189,,13.9,113.849998,268.429993,3.81,3.97,,1.39,
1190,,13.67,115.169998,276.920013,4.58,4.07,,1.54,
1191,,14.75,116.029999,275.589996,4.49,4.13,,1.6,
1192,,16.08,116.589996,277.809998,4.45,4.13,,1.59,
1193,,16.559999,119.050003,276.970001,4.27,4.03,,1.52,
1194,,15.8,122.720001,286.549988,4.15,4.06,,1.68,
1195,,16.58,123.080002,287.519989,4.32,4.06,,1.58,
1196,,16.120001,122.940002,281.850006,3.63,4.02,,1.17,
1197,,16.9,122.25,279.700012,3.51,4.03,,1.2,
1198,,16.35,123.75,285.579987,3.56,4.06,,1.1,
1199,,16.940001,124.379997,283.399994,3.98,4.22,,1.13,
1200,,13.66,121.779999,277.920013,3.86,4.19,,1.16,
1201,,14.12,123.239998,277.119995,4.09,4.2,,1.12,
1202,,13.31,122.410004,273.549988,3.92,4.06,,1.07,
1203,,12.72,121.779999,274.190002,3.19,4,,1.04,
1204,,13.85,127.879997,275.549988,2.86,4.1,,1.05,
1205,,13.85,127.809998,275.670013,2.78,3.99,,1.04,
1206,,14.83,128.699997,274.480011,2.85,4.06,,1.06,
1207,,15.63,126.660004,276.399994,2.8,4,,1.16,
1208,,15.53,128.229996,272.790009,2.68,3.9,,1.09,
1209,,19.459999,131.880005,267.089996,2.59,3.88,,1.08,
1210,,20.57,130.960007,268.109985,2.56,3.88,,1.05,
1211,,20.15,131.970001,267.399994,2.51,3.89,,1.04,
1212,,20.99,136.690002,277,2.39,3.9,,1,
1213,,19.379999,134.869995,276.779999,2.29,3.93,,0.91,
1214,,19.26,133.720001,271.869995,2.16,3.89,,0.95,
1215,,18.84,132.690002,273.160004,2.12,3.91,,0.91,
1216,,17.25,129.410004,268.940002,2.01,3.89,,0.93,
1217,,17.370001,131.009995,270.970001,1.98,4.04,,0.96,
1218,,18.360001,126.599998,263.309998,2.01,4.04,,1,
1219,,18.08,130.919998,268.73999,2.05,3.99,,1.02,
1220,,17.690001,132.050003,267.570007,2.14,3.93,,1.04,
1221,,19.940001,128.979996,256.839996,2.2,3.87,,1,
1222,,19.950001,128.800003,251.089996,2.29,4.01,,1.05,
1223,,31.4,130.889999,251.639999,2.18,3.98,,1.03,
1224,,39.91,128.910004,245.639999,2.18,4.09,,1.28,
1225,,35.5,127.139999,251.360001,2.33,4.08,,1.26,
1226,,39.360001,127.830002,261.100006,3.06,4.13,,1.21,
1227,,39.119999,132.029999,267.480011,2.97,4.2,,1.16,
1228,,43.029999,136.869995,272.869995,2.98,4.22,,1.17,
1229,,65.010002,139.070007,274.5,3.51,4.2,,1.79,
1230,,76.790001,142.919998,278.01001,4.42,4.85,,4.15,
1231,,147.979996,143.160004,282.049988,4.96,4.73,,3.04,
1232,,347.51001,142.059998,272.140015,19.9,6.55,,9.55,
1233,,193.600006,137.089996,265,8.63,4.69,,4.7,
1234,,325,131.960007,258.329987,13.26,4.56,,6,
1235,,225,134.139999,262.01001,13.3,4.89,,5,
1236,,90,134.990005,267.079987,7.82,4.53,,3.38,
1237,,92.410004,133.940002,266.649994,8.97,4.7,,3.56,
1238,,53.5,137.389999,266.48999,7.09,4.37,,3.28,
1239,,63.77,136.759995,268.100006,6.83,4.22,,3.14,
1240,,60,136.910004,266.579987,6.18,4.26,,3.01,
1241,,50.310001,136.009995,269.450012,5.5,4.19,,2.85,
1242,,51.200001,135.389999,271.869995,5.8,4.17,,2.96,
1243,,51.099998,135.130005,270.390015,5.61,4.1,,2.82,
1244,,52.400002,135.369995,270.5,5.59,4.17,,2.8,
1245,,49.509998,133.190002,273.970001,5.65,4.13,,2.62,
1246,,45.939999,130.839996,273.570007,5.55,4.11,,2.43,
1247,,40.689999,129.710007,269.390015,5.51,4.12,,2.47,
1248,,40.59,129.869995,261.559998,5.7,4.07,,2.37,
1249,,46,126,260.329987,6.55,3.96,,2.47,
1250,,44.970001,125.860001,265.859985,7.7,3.95,,2.31,
1251,,91.709999,125.349998,264.309998,9.09,4.04,,3.25,
1252,,108.730003,120.989998,254.690002,8.29,4.05,,2.99,
1253,,101.739998,121.260002,257.619995,8.01,3.92,,2.69,
1254,,120.400002,127.790001,264.910004,9.18,4.04,,2.82,
1255,,118.18,125.120003,259,8.93,4.04,,2.65,
1256,,124.18,122.059998,255.410004,8.58,3.98,,2.55,
1257,,132.350006,120.129997,257.640015,8.03,3.82,,2.51,
1258,,137.740005,121.419998,264.279999,8.05,3.88,,2.46,
